date,buying,selling,mean,rate_change,rate_change_pct,MA_7,MA_30,MA_90,volatility_7d,day_of_week,month,year,spread
01/01/2024,2489,2513.89,2501.445,,,,,,,0,1,2024,24.89
02/01/2024,2489,2513.89,2501.445,0,0,,,,,1,1,2024,24.89
03/01/2024,2492.5742,2517.5,2505.0371,3.5921,0.143600999,,,,,2,1,2024,24.9258
04/01/2024,2491.4158,2516.33,2503.8729,-1.1642,-0.046474362,,,,,3,1,2024,24.9142
05/01/2024,2491.4158,2516.33,2503.8729,0,0,,,,,4,1,2024,24.9142
06/01/2024,2492.0792,2517,2504.5396,0.6667,0.026626751,,,,,5,1,2024,24.9208
07/01/2024,2492.0792,2517,2504.5396,0,0,2503.536014,,,1.485445632,6,1,2024,24.9208
08/01/2024,2492.0792,2517,2504.5396,0,0,2503.9781,,,1.190662102,0,1,2024,24.9208
09/01/2024,2491.9604,2516.88,2504.4202,-0.1194,-0.004767343,2504.403129,,,0.412385183,1,1,2024,24.9196
10/01/2024,2491.9604,2516.88,2504.4202,0,0,2504.315,,,0.306695935,2,1,2024,24.9196
11/01/2024,2495.0496,2520,2507.5248,3.1046,0.12396482,2504.8367,,,1.208755681,3,1,2024,24.9504
12/01/2024,2492.2178,2517.14,2504.6789,-2.8459,-0.113494391,2504.951843,,,1.137960679,4,1,2024,24.9222
13/01/2024,2492.2178,2517.14,2504.6789,0,0,2504.971743,,,1.130745226,5,1,2024,24.9222
14/01/2024,2492.2178,2517.14,2504.6789,0,0,2504.991643,,,1.123072127,6,1,2024,24.9222
15/01/2024,2492.2178,2517.14,2504.6789,0,0,2505.011543,,,1.114931933,0,1,2024,24.9222
16/01/2024,2490.099,2515,2502.5495,-2.1294,-0.085016886,2504.7443,,,1.453184821,1,1,2024,24.901
17/01/2024,2495.0594,2520.01,2507.5347,4.9852,0.199204851,2505.189229,,,1.777921917,2,1,2024,24.9506
18/01/2024,2496.594,2521.56,2509.077,1.5423,0.061506626,2505.410971,,,2.171087346,3,1,2024,24.966
19/01/2024,2496.594,2521.56,2509.077,0,0,2506.039271,,,2.530554361,4,1,2024,24.966
20/01/2024,2501.5842,2526.6,2514.0921,5.0151,0.199878282,2507.384014,,,3.84623921,5,1,2024,25.0158
21/01/2024,2501.5842,2526.6,2514.0921,0,0,2508.728757,,,4.354763169,6,1,2024,25.0158
22/01/2024,2501.5842,2526.6,2514.0921,0,0,2510.0735,,,4.349129105,0,1,2024,25.0158
23/01/2024,2501.5842,2526.6,2514.0921,0,0,2511.722443,,,2.999861829,1,1,2024,25.0158
24/01/2024,2499.01,2524,2511.505,-2.5871,-0.102903947,2512.289629,,,2.389324161,2,1,2024,24.99
25/01/2024,2498.0198,2523,2510.5099,-0.9951,-0.039621661,2512.494329,,,2.11369962,3,1,2024,24.9802
26/01/2024,2498.0198,2523,2510.5099,0,0,2512.699029,,,1.768844446,4,1,2024,24.9802
27/01/2024,2500.99,2526,2513.495,2.9851,0.118904132,2512.613729,,,1.703665359,5,1,2024,25.01
28/01/2024,2500.99,2526,2513.495,0,0,2512.528429,,,1.630694052,6,1,2024,25.01
29/01/2024,2500.99,2526,2513.495,0,0,2512.443129,,,1.548829553,0,1,2024,25.01
30/01/2024,2504.7524,2529.8,2517.2762,3.7812,0.150435947,2512.898,2507.975503,,2.365880895,1,1,2024,25.0476
31/01/2024,2504.7524,2529.8,2517.2762,0,0,2513.722457,2508.50321,,2.770512397,2,1,2024,25.0476
01/02/2024,2503.9604,2529,2516.4802,-0.796,-0.03162148,2514.575357,2509.004383,,2.52477679,3,2,2024,25.0396
02/02/2024,2503.9604,2529,2516.4802,0,0,2515.428257,2509.38582,,1.837362362,4,2,2024,25.0396
03/02/2024,2504.9504,2530,2517.4752,0.995,0.039539353,2515.996857,2509.83923,,1.753318418,5,2,2024,25.0496
04/02/2024,2504.9504,2530,2517.4752,0,0,2516.565457,2510.29264,,1.420552685,6,2,2024,25.0496
05/02/2024,2504.9504,2530,2517.4752,0,0,2517.134057,2510.723827,,0.45544902,0,2,2024,25.0496
06/02/2024,2504.9504,2530,2517.4752,0,0,2517.162486,2511.155013,,0.471720155,1,2,2024,25.0496
07/02/2024,2504.9504,2530,2517.4752,0,0,2517.190914,2511.5862,,0.485510286,2,2,2024,25.0496
08/02/2024,2504.9504,2530,2517.4752,0,0,2517.333057,2512.021367,,0.376074651,3,2,2024,25.0496
09/02/2024,2504.9504,2530,2517.4752,0,0,2517.4752,2512.456533,,0,4,2,2024,25.0496
10/02/2024,2504.9504,2530,2517.4752,0,0,2517.4752,2512.788213,,0,5,2,2024,25.0496
11/02/2024,2504.9504,2530,2517.4752,0,0,2517.4752,2513.214757,,0,6,2,2024,25.0496
12/02/2024,2504.9504,2530,2517.4752,0,0,2517.4752,2513.6413,,0,0,2,2024,25.0496
13/02/2024,2504.9504,2530,2517.4752,0,0,2517.4752,2514.067843,,0,1,2,2024,25.0496
14/02/2024,2513.198,2538.33,2525.764,8.2888,0.329250513,2518.659314,2514.77068,,3.132871924,2,2,2024,25.132
15/02/2024,2513.198,2538.33,2525.764,0,0,2519.843429,2515.544497,,4.044520262,3,2,2024,25.132
16/02/2024,2514.8514,2540,2527.4257,1.6617,0.065789995,2521.264929,2516.20753,,4.75896632,4,2,2024,25.1486
17/02/2024,2514.8514,2540,2527.4257,0,0,2522.686429,2516.819153,,4.921635717,5,2,2024,25.1486
18/02/2024,2514.8514,2540,2527.4257,0,0,2524.107929,2517.430777,,4.591552815,6,2,2024,25.1486
19/02/2024,2514.8514,2540,2527.4257,0,0,2525.529429,2517.87523,,3.636940718,0,2,2024,25.1486
20/02/2024,2514.8514,2540,2527.4257,0,0,2526.950929,2518.319683,,0.810826576,1,2,2024,25.1486
21/02/2024,2514.8514,2540,2527.4257,0,0,2527.188314,2518.764137,,0.628063565,2,2,2024,25.1486
22/02/2024,2521.4158,2546.63,2534.0229,6.5972,0.261024488,2528.368157,2519.428497,,2.493507221,3,2,2024,25.2142
23/02/2024,2525.0694,2550.32,2537.6947,3.6718,0.144900032,2529.835157,2520.301487,,4.249255283,4,2,2024,25.2506
24/02/2024,2524.2376,2549.48,2536.8588,-0.8359,-0.032939345,2531.182743,2521.179783,,4.815793241,5,2,2024,25.2424
25/02/2024,2524.2376,2549.48,2536.8588,0,0,2532.530329,2522.05808,,4.908182455,6,2,2024,25.2424
26/02/2024,2524.2376,2549.48,2536.8588,0,0,2533.877914,2522.836873,,4.555364079,0,2,2024,25.2424
27/02/2024,2530.4356,2555.74,2543.0878,6.229,0.245539878,2536.115357,2523.8233,,4.702054928,1,2,2024,25.3044
28/02/2024,2525.7524,2551.01,2538.3812,-4.7066,-0.185074224,2537.680429,2524.65284,,2.7426777,2,2,2024,25.2576
29/02/2024,2530.5842,2555.89,2543.2371,4.8559,0.191299085,2538.996743,2525.518203,,2.901263657,3,2,2024,25.3058
01/03/2024,2531.4752,2556.79,2544.1326,0.8955,0.035211031,2539.916443,2526.413417,,3.397664914,4,3,2024,25.3148
02/03/2024,2525.8812,2551.14,2538.5106,-5.622,-0.220979048,2540.152414,2527.147763,,3.201619327,5,3,2024,25.2588
03/03/2024,2525.8812,2551.14,2538.5106,0,0,2540.388386,2527.88211,,2.970972887,6,3,2024,25.2588
04/03/2024,2525.8812,2551.14,2538.5106,0,0,2540.624357,2528.58329,,2.696862549,0,3,2024,25.2588
05/03/2024,2527.8416,2553.12,2540.4808,1.9702,0.077612439,2540.251929,2529.350143,,2.470477089,1,3,2024,25.2784
06/03/2024,2526.9504,2552.22,2539.5852,-0.8956,-0.035253169,2540.423929,2530.087143,,2.357871777,2,3,2024,25.2696
07/03/2024,2526.703,2551.97,2539.3365,-0.2487,-0.009792938,2539.8667,2530.815853,,2.018761895,3,3,2024,25.267
08/03/2024,2526.8514,2552.12,2539.4857,0.1492,0.005875551,2539.202857,2531.549537,,0.743285988,4,3,2024,25.2686
09/03/2024,2527.9702,2553.25,2540.6101,1.1244,0.044276682,2539.502786,2532.3207,,0.835290052,5,3,2024,25.2798
10/03/2024,2527.9702,2553.25,2540.6101,0,0,2539.802714,2533.091863,,0.79564117,6,3,2024,25.2798
11/03/2024,2527.9702,2553.25,2540.6101,0,0,2540.102643,2533.863027,,0.59873221,0,3,2024,25.2798
12/03/2024,2529.0792,2554.37,2541.7246,1.1145,0.043867416,2540.280329,2534.67134,,0.858061596,1,3,2024,25.2908
13/03/2024,2526.208,2551.47,2538.839,-2.8856,-0.113529216,2540.173729,2535.383467,,0.994342129,2,3,2024,25.262
14/03/2024,2529.2772,2554.57,2541.9236,3.0846,0.121496479,2540.543314,2536.198413,,1.10583609,3,3,2024,25.2928
15/03/2024,2530.7326,2556.04,2543.3863,1.4627,0.057543036,2541.100543,2536.785823,,1.421720482,4,3,2024,25.3074
16/03/2024,2531.5742,2556.89,2544.2321,0.8458,0.033254878,2541.617971,2537.401427,,1.817494816,5,3,2024,25.3158
17/03/2024,2531.5742,2556.89,2544.2321,0,0,2542.1354,2537.96164,,1.990119825,6,3,2024,25.3158
18/03/2024,2531.5742,2556.89,2544.2321,0,0,2542.652829,2538.521853,,1.998288686,0,3,2024,25.3158
19/03/2024,2530.802,2556.11,2543.456,-0.7761,-0.030504292,2542.900171,2539.056197,,1.971216742,1,3,2024,25.308
20/03/2024,2536.4752,2561.84,2549.1576,5.7016,0.224167432,2544.374257,2539.780593,,2.264434101,2,3,2024,25.3648
21/03/2024,2538.0594,2563.44,2550.7497,1.5921,0.062455927,2545.635129,2540.55806,,3.007710775,3,3,2024,25.3806
22/03/2024,2540.1882,2565.59,2552.8891,2.1394,0.08387338,2546.992671,2541.40684,,3.850115971,4,3,2024,25.4018
23/03/2024,2541.1486,2566.56,2553.8543,0.9652,0.037808145,2548.367271,2542.067887,,4.381302581,5,3,2024,25.4114
24/03/2024,2541.1486,2566.56,2553.8543,0,0,2549.741871,2542.60654,,4.377138288,6,3,2024,25.4114
25/03/2024,2541.1486,2566.56,2553.8543,0,0,2551.116471,2543.173057,,3.835879929,0,3,2024,25.4114
26/03/2024,2542.307,2567.73,2555.0185,1.1642,0.045585999,2552.768257,2543.77838,,2.070751921,1,3,2024,25.423
27/03/2024,2540.8218,2566.23,2553.5259,-1.4926,-0.058418364,2553.3923,2544.33395,,1.325346018,2,3,2024,25.4082
28/03/2024,2544.2178,2569.66,2556.9389,3.413,0.133658327,2554.276471,2544.795653,,1.333040096,3,3,2024,25.4422
29/03/2024,2547.5544,2573.03,2560.2922,3.3533,0.131145097,2555.334057,2545.52602,,2.486522114,4,3,2024,25.4756
30/03/2024,2547.5544,2573.03,2560.2922,0,0,2556.253757,2546.094523,2526.52941,2.988012609,5,3,2024,25.4756
31/03/2024,2547.5544,2573.03,2560.2922,0,0,2557.173457,2546.633177,2527.183268,3.114482451,6,3,2024,25.4756
01/04/2024,2547.5544,2573.03,2560.2922,0,0,2558.093157,2547.35923,2527.837126,2.915156424,0,4,2024,25.4756
02/04/2024,2547.5544,2573.03,2560.2922,0,0,2558.846543,2548.085283,2528.451071,2.658256463,1,4,2024,25.4756
03/04/2024,2552.0892,2577.61,2564.8496,4.5574,0.17800312,2560.464214,2548.96325,2529.12859,2.302440489,2,4,2024,25.5208
04/04/2024,2551.9406,2577.46,2564.7003,-0.1493,-0.005821004,2561.572986,2549.770567,2529.80445,2.187782593,3,4,2024,25.5194
05/04/2024,2552.3664,2577.89,2565.1282,0.4279,0.016684211,2562.263843,2550.622,2530.477657,2.46226547,4,4,2024,25.5236
06/04/2024,2550.8712,2576.38,2563.6256,-1.5026,-0.058577969,2562.740043,2551.431637,2531.134168,2.336526958,5,4,2024,25.5088
07/04/2024,2550.8712,2576.38,2563.6256,0,0,2563.216243,2552.2363,2531.790679,2.080106611,6,4,2024,25.5088
08/04/2024,2550.8712,2576.38,2563.6256,0,0,2563.692443,2553.003483,2532.448517,1.632546203,0,4,2024,25.5088
09/04/2024,2553.8712,2579.41,2566.6406,3.015,0.117606877,2564.599357,2553.871167,2533.139854,1.107833248,1,4,2024,25.5388
10/04/2024,2556.1584,2581.72,2568.9392,2.2986,0.089556754,2565.183586,2554.81547,2533.822237,1.989393559,2,4,2024,25.5616
11/04/2024,2556.1584,2581.72,2568.9392,0,0,2565.789143,2555.722623,2534.53624,2.416964274,3,4,2024,25.5616
12/04/2024,2556.1584,2581.72,2568.9392,0,0,2566.333571,2556.725963,2535.250243,2.660247328,4,4,2024,25.5616
13/04/2024,2558.6832,2584.27,2571.4766,2.5374,0.098772287,2567.455143,2557.711063,2535.99244,2.965739689,5,4,2024,25.5868
14/04/2024,2558.6832,2584.27,2571.4766,0,0,2568.576714,2558.647407,2536.734637,2.753026613,6,4,2024,25.5868
15/04/2024,2558.6832,2584.27,2571.4766,0,0,2569.698286,2559.555557,2537.500493,1.851363479,0,4,2024,25.5868
16/04/2024,2557.3664,2582.94,2570.1532,-1.3234,-0.051464594,2570.200086,2560.419593,2538.196254,1.268868445,1,4,2024,25.5736
17/04/2024,2557.5742,2583.15,2570.3621,0.2089,0.00812792,2570.403357,2561.290593,2538.8772,1.140712037,2,4,2024,25.5758
18/04/2024,2559.3564,2584.95,2572.1532,1.7911,0.069682789,2570.8625,2562.247167,2539.578047,1.099230978,3,4,2024,25.5936
19/04/2024,2562.802,2588.43,2575.616,3.4628,0.134626507,2571.816329,2563.129113,2540.261646,1.815581138,4,4,2024,25.628
20/04/2024,2565.3664,2591.02,2578.1932,2.5772,0.1000615,2572.775843,2564.043897,2540.97388,2.996731811,5,4,2024,25.6536
21/04/2024,2565.3664,2591.02,2578.1932,0,0,2573.735357,2564.887367,2541.686114,3.537830362,6,4,2024,25.6536
22/04/2024,2565.3664,2591.02,2578.1932,0,0,2574.694871,2565.698663,2542.398349,3.728788174,0,4,2024,25.6536
23/04/2024,2568.8712,2594.56,2581.7156,3.5224,0.13662281,2576.346643,2566.627373,2543.178467,3.936762118,1,4,2024,25.6888
24/04/2024,2560.396,2586,2573.198,-8.5176,-0.329920151,2576.751771,2567.272163,2543.875001,3.315088494,2,4,2024,25.604
25/04/2024,2568.7822,2594.47,2581.6261,8.4281,0.327534065,2578.105043,2568.159083,2544.665181,3.047722791,3,4,2024,25.6878
26/04/2024,2568.1584,2593.84,2580.9992,-0.6269,-0.024283145,2578.874071,2569.07486,2545.415228,2.993678392,4,4,2024,25.6816
27/04/2024,2568.1584,2593.84,2580.9992,0,0,2579.274929,2569.87687,2546.165274,3.074097219,5,4,2024,25.6816
28/04/2024,2568.1584,2593.84,2580.9992,0,0,2579.675786,2570.567103,2546.915321,3.092426566,6,4,2024,25.6816
29/04/2024,2568.1584,2593.84,2580.9992,0,0,2580.076643,2571.257337,2547.623354,3.049786119,0,4,2024,25.6816
30/04/2024,2559.8614,2585.46,2572.6607,-8.3385,-0.323072553,2578.783086,2571.66962,2548.238738,4.008411356,1,4,2024,25.5986
01/05/2024,2560.4554,2586.06,2573.2577,0.597,0.023205547,2578.791614,2572.101803,2548.869599,3.994587282,2,5,2024,25.6046
02/05/2024,2560.4554,2586.06,2573.2577,0,0,2577.596129,2572.533987,2549.50046,4.249038336,3,5,2024,25.6046
03/05/2024,2561.0792,2586.69,2573.8846,0.6269,0.024362115,2576.579757,2572.835153,2550.127231,4.149084914,4,5,2024,25.6108
04/05/2024,2561.0792,2586.69,2573.8846,0,0,2575.563386,2573.141297,2550.754002,3.736994212,5,5,2024,25.6108
05/05/2024,2561.0792,2586.69,2573.8846,0,0,2574.547014,2573.433177,2551.380773,2.881837457,6,5,2024,25.6108
06/05/2024,2561.0792,2586.69,2573.8846,0,0,2573.530643,2573.775143,2552.007544,0.484241471,0,5,2024,25.6108
07/05/2024,2570.0298,2595.73,2582.8799,8.9953,0.349483423,2574.990529,2574.416953,2552.734263,3.491415264,1,5,2024,25.7002
08/05/2024,2570.3564,2596.06,2583.2082,0.3283,0.012710618,2576.412029,2575.069707,2553.46463,4.537302362,2,5,2024,25.7036
09/05/2024,2570.4456,2596.15,2583.2978,0.0896,0.003468555,2577.846329,2575.624947,2554.195992,4.942776217,3,5,2024,25.7044
10/05/2024,2570.7228,2596.43,2583.5764,0.2786,0.010784664,2579.230871,2576.112853,2554.93045,5.00509629,4,5,2024,25.7072
11/05/2024,2573.8614,2599.6,2586.7307,3.1543,0.122090448,2581.066029,2576.705903,2555.699956,5.07273975,5,5,2024,25.7386
12/05/2024,2573.8614,2599.6,2586.7307,0,0,2582.901186,2577.298953,2556.469461,4.307688966,6,5,2024,25.7386
13/05/2024,2573.8614,2599.6,2586.7307,0,0,2584.736343,2577.807423,2557.238967,1.876559569,0,5,2024,25.7386
14/05/2024,2574.1486,2599.89,2587.0193,0.2886,0.01115694,2585.327686,2578.325513,2557.919581,1.846012076,1,5,2024,25.7414
15/05/2024,2574.4356,2600.18,2587.3078,0.2885,0.01115183,2585.913343,2578.85322,2558.603401,1.706567528,2,5,2024,25.7444
16/05/2024,2574.693,2600.44,2587.5665,0.2587,0.00999881,2586.523157,2579.433663,2559.271632,1.339339777,3,5,2024,25.747
17/05/2024,2572.604,2598.33,2585.467,-2.0995,-0.081138011,2586.793243,2579.93716,2559.916536,0.668886193,4,5,2024,25.726
18/05/2024,2575.01,2600.76,2587.885,2.418,0.093522756,2586.958143,2580.461553,2560.588306,0.783382666,5,5,2024,25.75
19/05/2024,2575.01,2600.76,2587.885,0,0,2587.123043,2580.87052,2561.260076,0.846475069,6,5,2024,25.75
20/05/2024,2575.01,2600.76,2587.885,0,0,2587.287943,2581.19358,2561.931846,0.869427201,0,5,2024,25.75
21/05/2024,2575.8514,2601.61,2588.7307,0.8457,0.032679196,2587.532429,2581.54483,2562.613012,1.010477469,1,5,2024,25.7586
22/05/2024,2576.604,2602.37,2589.487,0.7563,0.02921509,2587.843743,2581.92129,2563.22928,1.239479976,2,5,2024,25.766
23/05/2024,2577.604,2603.38,2590.492,1.005,0.038810776,2588.261671,2582.213837,2563.815917,1.577530556,3,5,2024,25.776
24/05/2024,2578.8416,2604.63,2591.7358,1.2438,0.048014045,2589.157214,2582.831763,2564.425661,1.504272682,4,5,2024,25.7884
25/05/2024,2581.4356,2607.25,2594.3428,2.607,0.100588957,2590.079757,2583.255653,2565.064372,2.341338312,5,5,2024,25.8144
26/05/2024,2581.4356,2607.25,2594.3428,0,0,2591.0023,2583.70044,2565.703083,2.591337131,6,5,2024,25.8144
27/05/2024,2581.4356,2607.25,2594.3428,0,0,2591.924843,2584.145227,2566.272583,2.44178734,0,5,2024,25.8144
28/05/2024,2582.3762,2608.2,2595.2881,0.9453,0.036436974,2592.861614,2584.621523,2566.904882,2.263482476,1,5,2024,25.8238
29/05/2024,2584,2609.84,2596.92,1.6319,0.062879339,2593.923471,2585.152217,2567.501359,2.157537424,2,5,2024,25.84
30/05/2024,2586.0396,2611.9,2598.9698,2.0498,0.078931966,2595.134586,2586.029187,2568.110661,2.285922775,3,5,2024,25.8604
31/05/2024,2587.9108,2613.79,2600.8504,1.8806,0.07235944,2596.436671,2586.948943,2568.803326,2.60139244,4,5,2024,25.8792
01/06/2024,2586.198,2612.06,2599.129,-1.7214,-0.066186044,2597.120414,2587.81132,2569.476863,2.588283256,5,6,2024,25.862
02/06/2024,2586.198,2612.06,2599.129,0,0,2597.804157,2588.6528,2570.150401,2.353791504,6,6,2024,25.862
03/06/2024,2586.198,2612.06,2599.129,0,0,2598.4879,2589.49428,2570.802048,1.814005326,0,6,2024,25.862
04/06/2024,2580.4456,2606.25,2593.3478,-5.7812,-0.22242836,2598.210714,2590.143053,2571.39941,2.428572162,1,6,2024,25.8044
05/06/2024,2583.2872,2609.12,2596.2036,2.8558,0.110120208,2598.108371,2590.88702,2572.031267,2.5058938,2,6,2024,25.8328
06/06/2024,2585.8514,2611.71,2598.7807,2.5771,0.099264172,2598.081357,2591.417047,2572.6901,2.49605958,3,6,2024,25.8586
07/06/2024,2588.6436,2614.53,2601.5868,2.8061,0.10797756,2598.186557,2592.029667,2573.367619,2.643386166,4,6,2024,25.8864
08/06/2024,2591.7524,2617.67,2604.7112,3.1244,0.120095935,2598.984014,2592.743447,2574.079853,3.632174352,5,6,2024,25.9176
09/06/2024,2591.7524,2617.67,2604.7112,0,0,2599.781471,2593.44794,2574.792088,4.232497554,6,6,2024,25.9176
10/06/2024,2591.7524,2617.67,2604.7112,0,0,2600.578929,2594.04729,2575.491939,4.599078763,0,6,2024,25.9176
11/06/2024,2594.703,2620.65,2607.6765,2.9653,0.113843715,2602.625886,2594.745483,2576.2568,3.993019279,1,6,2024,25.947
12/06/2024,2597.5248,2623.5,2610.5124,2.8359,0.108751987,2604.67,2595.538207,2577.018898,3.815926036,2,6,2024,25.9752
13/06/2024,2600.2872,2626.29,2613.2886,2.7762,0.106346938,2606.742557,2596.41385,2577.79559,4.018617274,3,6,2024,26.0028
14/06/2024,2603.1188,2629.15,2616.1344,2.8458,0.108897272,2608.820786,2597.374737,2578.594504,4.623983696,4,6,2024,26.0312
15/06/2024,2593.9406,2619.88,2606.9103,-9.2241,-0.352585097,2609.134943,2598.01953,2579.290929,4.365733029,5,6,2024,25.9394
16/06/2024,2593.9406,2619.88,2606.9103,0,0,2609.4491,2598.734307,2579.987353,4.062971435,6,6,2024,25.9394
17/06/2024,2593.9406,2619.88,2606.9103,0,0,2609.763257,2599.368483,2580.692401,3.704802454,0,6,2024,25.9394
18/06/2024,2593.9406,2619.88,2606.9103,0,0,2609.6538,2600.00266,2581.334098,3.787134148,1,6,2024,25.9394
19/06/2024,2597.891,2623.87,2610.8805,3.9702,0.152295229,2609.706386,2600.769177,2582.002218,3.803563077,2,6,2024,25.979
20/06/2024,2601.3762,2627.39,2614.3831,3.5026,0.134153976,2609.862743,2601.624257,2582.685484,3.99313613,3,6,2024,26.0138
21/06/2024,2604.693,2630.74,2617.7165,3.3334,0.127502354,2610.088757,2602.56524,2583.395064,4.428337868,4,6,2024,26.047
22/06/2024,2598.6436,2624.63,2611.6368,-6.0797,-0.232252041,2610.763971,2603.270067,2584.037092,4.218283699,5,6,2024,25.9864
23/06/2024,2598.6436,2624.63,2611.6368,0,0,2611.439186,2603.933433,2584.67912,3.861846495,6,6,2024,25.9864
24/06/2024,2598.6436,2624.63,2611.6368,0,0,2612.1144,2604.5099,2585.308212,3.312098916,0,6,2024,25.9864
25/06/2024,2605.505,2631.56,2618.5325,6.8957,0.26403748,2613.774714,2605.316223,2586.030508,3.178910754,1,6,2024,26.055
26/06/2024,2609.307,2635.4,2622.3535,3.821,0.145921427,2615.413714,2606.249913,2586.757337,4.223893987,2,6,2024,26.093
27/06/2024,2617.6832,2643.86,2630.7716,8.4181,0.321013166,2617.754929,2607.432697,2587.540441,7.111975581,3,6,2024,26.1768
28/06/2024,2613.8614,2640,2626.9307,-3.8409,-0.145998991,2619.071243,2608.433053,2588.280869,7.911444258,4,6,2024,26.1386
29/06/2024,2617.1782,2643.35,2630.2641,3.3334,0.126893336,2621.732286,2609.476197,2589.058334,8.123902677,5,6,2024,26.1718
30/06/2024,2617.1782,2643.35,2630.2641,0,0,2624.393329,2610.456653,2589.8358,7.271998211,6,6,2024,26.1718
01/07/2024,2617.1782,2643.35,2630.2641,0,0,2627.054371,2611.49449,2590.613266,4.821145096,0,7,2024,26.1718
02/07/2024,2620.1486,2646.35,2633.2493,2.9852,0.113494307,2629.156771,2612.631833,2591.373262,3.518401324,1,7,2024,26.2014
03/07/2024,2616.8316,2643,2629.9158,-3.3335,-0.126592647,2630.2371,2613.65806,2592.097879,1.843761587,2,7,2024,26.1684
04/07/2024,2619.792,2645.99,2632.891,2.9752,0.113129097,2630.539871,2614.976167,2592.850799,2.102083963,3,7,2024,26.198
05/07/2024,2617.2574,2643.43,2630.3437,-2.5473,-0.096749163,2631.027443,2616.11417,2593.592111,1.405988707,4,7,2024,26.1726
06/07/2024,2620.9702,2647.18,2634.0751,3.7314,0.141859788,2631.571871,2617.29065,2594.374883,1.755540274,5,7,2024,26.2098
07/07/2024,2620.9702,2647.18,2634.0751,0,0,2632.1163,2618.373593,2595.157656,1.869607794,6,7,2024,26.2098
08/07/2024,2620.9702,2647.18,2634.0751,0,0,2632.660729,2619.35239,2595.906928,1.793694285,0,7,2024,26.2098
09/07/2024,2624.7128,2650.96,2637.8364,3.7613,0.142793955,2633.316029,2620.456563,2596.672452,2.66893446,1,7,2024,26.2472
10/07/2024,2624.7524,2651,2637.8762,0.0398,0.001508812,2634.453229,2621.562063,2597.438419,2.674581249,2,7,2024,26.2476
11/07/2024,2628.3366,2654.62,2641.4783,3.6021,0.136553035,2635.679986,2622.68879,2598.244409,3.635401124,3,7,2024,26.2834
12/07/2024,2623.901,2650.14,2637.0205,-4.4578,-0.168761561,2636.633814,2623.572393,2598.972674,2.776369293,4,7,2024,26.239
13/07/2024,2623.901,2650.14,2637.0205,0,0,2637.054586,2624.363457,2599.70094,2.536813145,5,7,2024,26.239
14/07/2024,2613.8614,2640,2626.9307,-10.0898,-0.38262122,2636.033957,2624.723333,2600.317097,4.563194672,6,7,2024,26.1386
15/07/2024,2613.8614,2640,2626.9307,0,0,2635.013329,2625.39068,2600.947958,5.725336441,0,7,2024,26.1386
16/07/2024,2618.792,2644.98,2631.886,4.9553,0.188634592,2634.163271,2626.223203,2601.631557,5.677868378,1,7,2024,26.188
17/07/2024,2623.0496,2649.28,2636.1648,4.2788,0.162575431,2633.918786,2627.198353,2602.342797,5.526165052,2,7,2024,26.2304
18/07/2024,2626.0496,2652.31,2639.1798,3.015,0.114370695,2633.590429,2628.274003,2603.049061,5.049889228,3,7,2024,26.2604
19/07/2024,2623.7624,2650,2636.8812,-2.2986,-0.087095241,2633.570529,2629.140693,2603.70115,5.034370232,4,7,2024,26.2376
20/07/2024,2628.1584,2654.44,2641.2992,4.418,0.167546418,2634.181771,2630.037897,2604.402328,5.734167132,5,7,2024,26.2816
21/07/2024,2628.1584,2654.44,2641.2992,0,0,2636.234414,2630.823987,2605.103506,5.257857451,6,7,2024,26.2816
22/07/2024,2628.1584,2654.44,2641.2992,0,0,2638.287057,2631.812733,2605.765546,3.546593337,0,7,2024,26.2816
23/07/2024,2626.1684,2652.43,2639.2992,-2,-0.075720312,2639.346086,2632.734813,2606.500003,2.147481308,1,7,2024,26.2616
24/07/2024,2635.0694,2661.42,2648.2447,8.9455,0.338934669,2641.071786,2633.955077,2607.24021,3.556415091,2,7,2024,26.3506
25/07/2024,2635.406,2661.76,2648.583,0.3383,0.012774499,2642.4151,2634.95676,2607.991141,4.398784056,3,7,2024,26.354
26/07/2024,2635.406,2661.76,2648.583,0,0,2644.086786,2635.831077,2608.742072,4.162391466,4,7,2024,26.354
27/07/2024,2656.4356,2683,2669.7178,21.1348,0.797966309,2648.146586,2637.129283,2609.727834,10.30984516,5,7,2024,26.5644
28/07/2024,2656.4356,2683,2669.7178,0,0,2652.206386,2638.55552,2610.713597,12.52207521,6,7,2024,26.5644
29/07/2024,2656.4356,2683,2669.7178,0,0,2656.266186,2639.870643,2611.792009,12.99437893,0,7,2024,26.5644
30/07/2024,2658.0396,2684.62,2671.3298,1.612,0.060380914,2660.841986,2641.2395,2612.881699,11.58728869,1,7,2024,26.5804
31/07/2024,2660.5644,2687.17,2673.8672,2.5374,0.0949864,2664.502343,2642.692937,2613.999582,10.97549281,2,7,2024,26.6056
01/08/2024,2655.4456,2682,2668.7228,-5.1444,-0.192395494,2667.379457,2643.875387,2615.05334,8.457845758,3,8,2024,26.5544
02/08/2024,2657.4554,2684.03,2670.7427,2.0199,0.075687891,2670.545129,2645.236283,2616.129541,1.686475684,4,8,2024,26.5746
03/08/2024,2659.1584,2685.75,2672.4542,1.7115,0.064083298,2670.936043,2646.555057,2617.224759,1.777431888,5,8,2024,26.5916
04/08/2024,2659.1584,2685.75,2672.4542,0,0,2671.326957,2647.95874,2618.319977,1.765718565,6,8,2024,26.5916
05/08/2024,2659.1584,2685.75,2672.4542,0,0,2671.717871,2649.238043,2619.315247,1.649149488,0,8,2024,26.5916
06/08/2024,2660.4158,2687.02,2673.7179,1.2637,0.047286124,2672.059029,2650.55947,2620.32091,1.795965928,1,8,2024,26.6042
07/08/2024,2662.3366,2688.96,2675.6483,1.9304,0.07219909,2672.313471,2651.945243,2621.347027,2.17995256,2,8,2024,26.6234
08/08/2024,2664.2376,2690.88,2677.5588,1.9105,0.071403256,2673.575757,2653.269323,2622.391276,2.308684796,3,8,2024,26.6424
09/08/2024,2664.2376,2690.88,2677.5588,0,0,2674.549486,2654.592077,2623.400477,2.351649748,4,8,2024,26.6424
10/08/2024,2661.208,2687.82,2674.514,-3.0448,-0.113715523,2674.843743,2655.693267,2624.375847,2.167428022,5,8,2024,26.612
11/08/2024,2661.208,2687.82,2674.514,0,0,2675.138,2656.94305,2625.351217,1.913947483,6,8,2024,26.612
12/08/2024,2661.208,2687.82,2674.514,0,0,2675.432257,2658.192833,2626.32338,1.557757603,0,8,2024,26.612
13/08/2024,2663.594,2690.23,2676.912,2.398,0.08966115,2675.888557,2659.858877,2627.318982,1.434852093,1,8,2024,26.636
14/08/2024,2665.604,2692.26,2678.932,2.02,0.075460082,2676.357657,2661.592253,2628.334154,1.826528604,2,8,2024,26.656
15/08/2024,2667.406,2694.08,2680.743,1.811,0.067601567,2676.812543,2663.22082,2629.392777,2.461614686,3,8,2024,26.674
16/08/2024,2663.3664,2690,2676.6832,-4.0598,-0.151443089,2676.687457,2664.571433,2630.379423,2.439521331,4,8,2024,26.6336
17/08/2024,2665.7326,2692.39,2679.0613,2.3781,0.08884503,2677.337071,2665.900817,2631.392493,2.368713043,5,8,2024,26.6574
18/08/2024,2665.7326,2692.39,2679.0613,0,0,2677.986686,2667.30682,2632.405563,2.070187178,6,8,2024,26.6574
19/08/2024,2665.7326,2692.39,2679.0613,0,0,2678.6363,2668.565557,2633.409237,1.405661675,0,8,2024,26.6574
20/08/2024,2667.8614,2694.54,2681.2007,2.1394,0.079856329,2679.248971,2669.895607,2634.428278,1.462342948,1,8,2024,26.6786
21/08/2024,2663.8614,2690.5,2677.1807,-4.02,-0.149932827,2678.998786,2671.091657,2635.391486,1.661816624,2,8,2024,26.6386
22/08/2024,2666.3664,2693.03,2679.6982,2.5175,0.09403549,2678.849529,2672.43829,2636.368846,1.519910083,3,8,2024,26.6636
23/08/2024,2668.7524,2695.44,2682.0962,2.398,0.089487689,2679.622814,2673.566673,2637.343883,1.60845994,4,8,2024,26.6876
24/08/2024,2670.1188,2696.82,2683.4694,1.3732,0.05119876,2680.252543,2674.729553,2638.334179,2.130253393,5,8,2024,26.7012
25/08/2024,2670.1188,2696.82,2683.4694,0,0,2680.882271,2675.892433,2639.324474,2.358710133,6,8,2024,26.7012
26/08/2024,2670.1188,2696.82,2683.4694,0,0,2681.512,2676.35082,2640.304267,2.379862451,0,8,2024,26.7012
27/08/2024,2668.6436,2695.33,2681.9868,-1.4826,-0.055249372,2681.6243,2676.759787,2641.249453,2.381271371,1,8,2024,26.6864
28/08/2024,2670.6534,2697.36,2684.0067,2.0199,0.07531357,2682.599443,2677.236083,2642.194308,1.488659559,2,8,2024,26.7066
29/08/2024,2670.9604,2697.67,2684.3152,0.3085,0.01149401,2683.259014,2677.66893,2643.121694,0.892376497,3,8,2024,26.7096
30/08/2024,2668.3168,2695,2681.6584,-2.6568,-0.098974964,2683.196471,2677.928637,2644.038688,0.996699774,4,8,2024,26.6832
31/08/2024,2670.8812,2697.59,2684.2356,2.5772,0.096104709,2683.305929,2678.44573,2644.984317,1.07097267,5,8,2024,26.7088
01/09/2024,2670.8812,2697.59,2684.2356,0,0,2683.415386,2678.895493,2645.929946,1.128095353,6,9,2024,26.7088
02/09/2024,2670.8812,2697.59,2684.2356,0,0,2683.524843,2679.288207,2646.93981,1.170581239,0,9,2024,26.7088
03/09/2024,2672.5644,2699.29,2685.9272,1.6916,0.063019803,2684.087757,2679.737307,2647.936739,1.25227787,1,9,2024,26.7256
04/09/2024,2674.7624,2701.51,2688.1362,2.209,0.08224348,2684.677686,2680.26004,2648.929578,1.973001455,2,9,2024,26.7476
05/09/2024,2676.7524,2703.52,2690.1362,2,0.074400992,2685.509257,2680.807317,2649.91346,2.833719978,3,9,2024,26.7676
06/09/2024,2678.693,2705.48,2692.0865,1.9503,0.072498188,2686.998986,2681.355257,2650.884297,3.190501471,4,9,2024,26.787
07/09/2024,2674.9208,2701.67,2688.2954,-3.7911,-0.140823855,2687.578957,2681.713143,2651.81301,2.965513424,5,9,2024,26.7492
08/09/2024,2674.9208,2701.67,2688.2954,0,0,2688.158929,2682.07103,2652.741723,2.573787889,6,9,2024,26.7492
09/09/2024,2674.9208,2701.67,2688.2954,0,0,2688.7389,2682.53041,2653.637489,1.915631052,0,9,2024,26.7492
10/09/2024,2676.9802,2703.75,2690.3651,2.0697,0.076989307,2689.372886,2683.05878,2654.524741,1.524421109,1,9,2024,26.7698
11/09/2024,2678.901,2705.69,2692.2955,1.9304,0.071752343,2689.967071,2683.651497,2655.402596,1.755184908,2,9,2024,26.789
12/09/2024,2680.7228,2707.53,2694.1264,1.8309,0.068005165,2690.5371,2684.22531,2656.269173,2.362235031,3,9,2024,26.8072
13/09/2024,2674.9208,2701.67,2688.2954,-5.831,-0.216433795,2689.995514,2684.537423,2657.173452,2.38230627,4,9,2024,26.7492
14/09/2024,2676.9208,2703.69,2690.3054,2.01,0.074768569,2690.282657,2684.85617,2658.100064,2.261296915,5,9,2024,26.7692
15/09/2024,2676.9208,2703.69,2690.3054,0,0,2690.5698,2685.310243,2659.026677,2.087859812,6,9,2024,26.7692
16/09/2024,2676.9208,2703.69,2690.3054,0,0,2690.856943,2685.685047,2659.953289,1.847286588,0,9,2024,26.7692
17/09/2024,2676.9208,2703.69,2690.3054,0,0,2690.848414,2686.05985,2660.835788,1.850071503,1,9,2024,26.7692
18/09/2024,2677.1882,2703.96,2690.5741,0.2687,0.009987714,2690.6025,2686.44361,2661.682354,1.736589656,2,9,2024,26.7718
19/09/2024,2677.109,2703.88,2690.4945,-0.0796,-0.002958476,2690.083657,2686.753403,2662.490999,0.796227482,3,9,2024,26.771
20/09/2024,2677.099,2703.87,2690.4845,-0.01,-0.000371679,2690.396386,2687.196863,2663.367084,0.116966156,4,9,2024,26.771
21/09/2024,2677.2178,2703.99,2690.6039,0.1194,0.004437862,2690.439029,2687.560387,2664.244497,0.131745573,5,9,2024,26.7722
22/09/2024,2677.2178,2703.99,2690.6039,0,0,2690.481671,2687.843977,2665.121909,0.129575252,6,9,2024,26.7722
23/09/2024,2677.2178,2703.99,2690.6039,0,0,2690.524314,2688.081793,2665.922702,0.109451504,0,9,2024,26.7722
24/09/2024,2677.1584,2703.93,2690.5442,-0.0597,-0.002218833,2690.558429,2688.31762,2666.680377,0.051966777,1,9,2024,26.7716
25/09/2024,2677.109,2703.88,2690.4945,-0.0497,-0.00184721,2690.547057,2688.55179,2667.343964,0.056479168,2,9,2024,26.771
26/09/2024,2708.297,2735.38,2721.8385,31.344,1.164990302,2695.024771,2689.88018,2668.398496,11.8238551,3,9,2024,27.083
27/09/2024,2707.9208,2735,2721.4604,-0.3781,-0.013891346,2699.4499,2691.128637,2669.411788,15.16562643,4,9,2024,27.0792
28/09/2024,2704.9504,2732,2718.4752,-2.9852,-0.109691106,2703.431514,2692.267303,2670.391911,16.08682125,5,9,2024,27.0496
29/09/2024,2704.9504,2732,2718.4752,0,0,2707.413129,2693.49453,2671.372034,15.82986067,6,9,2024,27.0496
30/09/2024,2704.9504,2732,2718.4752,0,0,2711.394743,2694.63585,2672.318989,14.33151205,0,9,2024,27.0496
01/10/2024,2702.9702,2730,2716.4851,-1.9901,-0.07320648,2715.100586,2695.710833,2673.28087,11.01050351,1,10,2024,27.0298
02/10/2024,2703.792,2730.83,2717.311,0.8259,0.030403259,2718.931514,2696.813347,2674.21887,2.003393224,2,10,2024,27.038
03/10/2024,2702.9702,2730,2716.4851,-0.8259,-0.030394018,2718.166743,2697.831943,2675.175997,1.708886383,3,10,2024,27.0298
04/10/2024,2708.1486,2735.23,2721.6893,5.2042,0.191578448,2718.199443,2698.95038,2676.149488,1.782998525,4,10,2024,27.0814
05/10/2024,2705.5346,2732.59,2719.0623,-2.627,-0.096520936,2718.283314,2699.914583,2677.09379,1.811709228,5,10,2024,27.0554
06/10/2024,2705.5346,2732.59,2719.0623,0,0,2718.367186,2700.813777,2678.038092,1.835506273,6,10,2024,27.0554
07/10/2024,2705.5346,2732.59,2719.0623,0,0,2718.451057,2701.83934,2678.940602,1.854578817,0,10,2024,27.0554
08/10/2024,2706.901,2733.97,2720.4355,1.3732,0.050502705,2719.0154,2702.910677,2679.857928,1.755012891,1,10,2024,27.069
09/10/2024,2704.6436,2731.69,2718.1668,-2.2687,-0.083394736,2719.137657,2703.90639,2680.710022,1.642707948,2,10,2024,27.0464
10/10/2024,2703.5446,2730.58,2717.0623,-1.1045,-0.040634004,2719.220114,2704.796297,2681.599376,1.495236326,3,10,2024,27.0354
11/10/2024,2704.5149,2731.56,2718.0374,0.9751,0.035888025,2718.698414,2705.65436,2682.499563,1.065452078,4,10,2024,27.0451
12/10/2024,2702.9703,2730,2716.4851,-1.5523,-0.057111061,2718.330243,2706.39965,2683.494612,1.330953586,5,10,2024,27.0297
13/10/2024,2702.9703,2730,2716.4851,0,0,2717.962071,2707.339307,2684.489661,1.446168374,6,10,2024,27.0297
14/10/2024,2702.9703,2730,2716.4851,0,0,2717.5939,2708.211963,2685.429651,1.447440734,0,10,2024,27.0297
15/10/2024,2702.9703,2730,2716.4851,0,0,2717.029557,2709.08462,2686.322099,0.763312402,1,10,2024,27.0297
16/10/2024,2704.7723,2731.82,2718.2961,1.811,0.066667032,2717.048029,2710.017643,2687.201169,0.796272155,2,10,2024,27.0477
17/10/2024,2705.4455,2732.5,2718.9728,0.6767,0.024894271,2717.320957,2710.973223,2688.113298,1.079151473,3,10,2024,27.0545
18/10/2024,2698.8218,2725.81,2712.3159,-6.6569,-0.24483143,2716.5036,2711.69795,2688.902372,2.115348874,4,10,2024,26.9882
19/10/2024,2703.5347,2730.57,2717.0523,4.7364,0.174625677,2716.584629,2712.58321,2689.744073,2.125361741,5,10,2024,27.0353
20/10/2024,2703.5347,2730.57,2717.0523,0,0,2716.665657,2713.468803,2690.585774,2.131737414,6,10,2024,27.0353
21/10/2024,2703.5347,2730.57,2717.0523,0,0,2716.746686,2714.350417,2691.449698,2.134508485,0,10,2024,27.0353
22/10/2024,2707.0099,2734.08,2720.545,3.4927,0.128547397,2717.326671,2715.348453,2692.253034,2.560626198,1,10,2024,27.0701
23/10/2024,2702.9703,2730,2716.4851,-4.0599,-0.149231128,2717.067957,2716.21116,2693.007502,2.537740409,2,10,2024,27.0297
24/10/2024,2702.9703,2730,2716.4851,0,0,2716.712571,2717.075857,2693.76197,2.396802084,3,10,2024,27.0297
25/10/2024,2703.604,2730.64,2717.122,0.6369,0.023445739,2717.399157,2717.96344,2694.288683,1.414512513,4,10,2024,27.036
26/10/2024,2696.7426,2723.71,2710.2263,-6.8957,-0.253786911,2716.424014,2717.576367,2694.738778,3.073497423,5,10,2024,26.9674
27/10/2024,2696.7426,2723.71,2710.2263,0,0,2715.448871,2717.201897,2695.188872,3.830555068,6,10,2024,26.9674
28/10/2024,2696.7426,2723.71,2710.2263,0,0,2714.473729,2716.926933,2695.621056,4.204895099,0,10,2024,26.9674
29/10/2024,2686.5941,2713.46,2700.027,-10.1993,-0.376326508,2711.542586,2716.311993,2695.91172,6.024855424,1,10,2024,26.8659
30/10/2024,2694.8416,2721.79,2708.3158,8.2888,0.306989523,2710.375543,2715.973347,2696.351642,5.68980188,2,10,2024,26.9484
31/10/2024,2679.7327,2706.53,2693.1313,-15.1845,-0.560662091,2707.039286,2715.194887,2696.600404,7.920080111,3,10,2024,26.7973
01/11/2024,2668.0099,2694.69,2681.35,-11.7813,-0.43745732,2701.929,2713.996187,2696.699247,11.19403968,4,11,2024,26.6801
02/11/2024,2665.6931,2692.35,2679.0215,-2.3285,-0.086840584,2697.471171,2712.7474,2696.772217,13.34567262,5,11,2024,26.6569
03/11/2024,2665.6931,2692.35,2679.0215,0,0,2693.013343,2711.32514,2696.845187,13.58450888,6,11,2024,26.6569
04/11/2024,2665.6931,2692.35,2679.0215,0,0,2688.555514,2709.990447,2696.904116,12.02506696,0,11,2024,26.6569
05/11/2024,2660.703,2687.31,2674.0065,-5.015,-0.187195213,2684.8383,2708.488587,2696.885873,11.90915943,1,11,2024,26.607
06/11/2024,2640.8416,2667.25,2654.0458,-19.9607,-0.746471633,2677.085443,2706.32137,2696.624618,11.74170603,2,11,2024,26.4084
07/11/2024,2636.2178,2662.58,2649.3989,-4.6469,-0.175087408,2670.837957,2703.953483,2696.31173,13.31079476,3,11,2024,26.3622
08/11/2024,2631.1089,2657.42,2644.2645,-5.1344,-0.193794902,2665.540029,2701.490073,2695.975624,15.61106868,4,11,2024,26.3111
09/11/2024,2627.6832,2653.96,2640.8216,-3.4429,-0.130202557,2660.0829,2698.948717,2695.601264,16.74824202,5,11,2024,26.2768
10/11/2024,2627.6832,2653.96,2640.8216,0,0,2654.625771,2696.374857,2695.226904,15.74212506,6,11,2024,26.2768
11/11/2024,2627.6832,2653.96,2640.8216,0,0,2649.168643,2693.85274,2694.8259,12.06806266,0,11,2024,26.2768
12/11/2024,2630.3366,2656.64,2643.4883,2.6667,0.100979937,2644.8089,2691.419513,2694.432081,5.101053179,1,11,2024,26.3034
13/11/2024,2634.1386,2660.48,2647.3093,3.821,0.144543859,2643.846543,2689.113653,2694.060596,3.429606898,2,11,2024,26.3414
14/11/2024,2634.4951,2660.84,2647.6675,0.3582,0.01353072,2643.5992,2686.819733,2693.738199,2.997666177,3,11,2024,26.3449
01/01/2025,2362.9307,2386.56,2374.7453,-272.9222,-10.30802395,2605.096457,2675.36804,2690.35691,101.6191128,2,1,2025,23.6293
02/01/2025,2362.9307,2386.56,2374.7453,0,0,2567.085557,2663.89379,2686.975621,131.4218618,3,1,2025,23.6293
03/01/2025,2382.3366,2406.16,2394.2483,19.503,0.821267022,2531.8608,2653.291537,2683.811032,141.0558184,4,1,2025,23.8234
04/01/2025,2367.4554,2391.13,2379.2927,-14.9556,-0.624646993,2494.499529,2642.032883,2680.456499,142.0175931,5,1,2025,23.6746
05/01/2025,2367.4554,2391.13,2379.2927,0,0,2456.7573,2630.77423,2677.146632,130.4591948,6,1,2025,23.6746
06/01/2025,2367.4554,2391.13,2379.2927,0,0,2418.469214,2619.515577,2673.808793,101.280523,0,1,2025,23.6746
07/01/2025,2376.2376,2400,2388.1188,8.8261,0.37095478,2381.390829,2608.434703,2670.542378,7.212404842,1,1,2025,23.7624
08/01/2025,2389.396,2413.29,2401.343,13.2242,0.553749671,2385.1905,2597.929967,2667.40764,9.703747348,2,1,2025,23.894
09/01/2025,2431.3366,2455.65,2443.4933,42.1503,1.755280274,2395.011643,2588.83024,2664.741239,23.02139089,3,1,2025,24.3134
10/01/2025,2431.3366,2455.65,2443.4933,0,0,2402.046643,2579.709283,2662.074838,29.39205234,4,1,2025,24.3134
11/01/2025,2431.3366,2455.65,2443.4933,0,0,2411.218157,2570.818183,2659.42491,31.07684882,5,1,2025,24.3134
12/01/2025,2431.3366,2455.65,2443.4933,0,0,2420.389671,2561.927083,2656.752539,29.51908001,6,1,2025,24.3134
13/01/2025,2437.8317,2462.21,2450.0208,6.5275,0.267138036,2430.493686,2553.253567,2654.149268,24.84170383,0,1,2025,24.3783
14/01/2025,2441.7129,2466.13,2453.9214,3.9006,0.159206812,2439.894057,2545.050047,2651.618857,17.49914032,1,1,2025,24.4171
15/01/2025,2441.5842,2466,2453.7921,-0.1293,-0.005269117,2447.386786,2536.565923,2649.058373,5.021689461,2,1,2025,24.4158
16/01/2025,2451.1683,2475.68,2463.4242,9.6321,0.392539368,2450.234057,2528.90902,2646.604913,7.489936961,3,1,2025,24.5117
17/01/2025,2449.505,2474,2461.7525,-1.6717,-0.067860826,2452.842514,2521.589103,2644.132879,7.918368018,4,1,2025,24.495
18/01/2025,2449.505,2474,2461.7525,0,0,2455.450971,2514.346803,2641.642049,7.30929784,5,1,2025,24.495
19/01/2025,2449.505,2474,2461.7525,0,0,2458.059429,2507.104503,2639.126674,5.317424582,6,1,2025,24.495
20/01/2025,2449.505,2474,2461.7525,0,0,2459.735386,2499.862203,2636.589078,4.062171545,0,1,2025,24.495
21/01/2025,2449.7921,2474.29,2462.041,0.2885,0.011719293,2460.895329,2492.796687,2634.033017,3.191200958,1,1,2025,24.4979
22/01/2025,2457.099,2481.67,2469.3845,7.3435,0.298268794,2463.122814,2486.64131,2631.600673,2.827864579,2,1,2025,24.571
23/01/2025,2465.3465,2490,2477.6733,8.2888,0.335662591,2465.1584,2480.917123,2629.260428,6.199481769,3,1,2025,24.6535
24/01/2025,2472.5347,2497.26,2484.8973,7.224,0.291563864,2468.4648,2475.604883,2627.000449,9.417178425,4,1,2025,24.7253
25/01/2025,2472.5347,2497.26,2484.8973,0,0,2471.7712,2470.407407,2624.717473,10.65008306,5,1,2025,24.7253
26/01/2025,2472.5347,2497.26,2484.8973,0,0,2475.0776,2465.20993,2622.413049,10.61398292,6,1,2025,24.7253
27/01/2025,2472.5347,2497.26,2484.8973,0,0,2478.384,2460.012453,2620.088281,9.294102533,0,1,2025,24.7253
28/01/2025,2473.3366,2498.07,2485.7033,0.806,0.032435948,2481.764329,2454.752953,2617.837258,6.120650919,1,1,2025,24.7334
29/01/2025,2474.9802,2499.73,2487.3551,1.6518,0.066452018,2484.331557,2449.421147,2615.582254,3.072353549,2,1,2025,24.7498
30/01/2025,2474.198,2498.94,2486.569,-0.7861,-0.031603851,2485.602371,2444.051197,2613.318517,1.000426385,3,1,2025,24.742
31/01/2025,2474.2673,2499.01,2486.6387,0.0697,0.002803059,2485.851143,2447.780977,2611.055553,1.012320629,4,1,2025,24.7427
01/02/2025,2473.8317,2498.57,2486.2008,-0.4379,-0.017610118,2486.037357,2451.49616,2608.787724,0.923622572,5,2,2025,24.7383
02/02/2025,2473.8317,2498.57,2486.2008,0,0,2486.223571,2454.561243,2606.51691,0.774889765,6,2,2025,24.7383
03/02/2025,2473.8317,2498.57,2486.2008,0,0,2486.409786,2458.124847,2604.24698,0.516642559,0,2,2025,24.7383
04/02/2025,2495.9109,2520.87,2508.3904,22.1896,0.892510372,2489.6508,2462.428103,2602.223712,8.273658847,1,2,2025,24.9591
05/02/2025,2520.6436,2545.85,2533.2468,24.8564,0.990930279,2496.206757,2467.559907,2600.4753,18.28112662,2,2,2025,25.2064
06/02/2025,2530.0198,2555.32,2542.6699,9.4231,0.37197718,2504.221171,2472.71161,2598.831589,24.56799738,3,2,2025,25.3002
07/02/2025,2536.1287,2561.49,2548.8094,6.1395,0.241458791,2513.1027,2477.627157,2597.256094,28.13158056,4,2,2025,25.3613
08/02/2025,2537.8812,2563.26,2550.5706,1.7612,0.069098929,2522.298386,2481.1964,2595.700832,28.39167074,5,2,2025,25.3788
09/02/2025,2537.8812,2563.26,2550.5706,0,0,2531.494071,2484.765643,2594.146122,24.96958069,6,2,2025,25.3788
10/02/2025,2537.8812,2563.26,2550.5706,0,0,2540.689757,2488.334887,2592.243146,15.6065628,0,2,2025,25.3788
11/02/2025,2537.8812,2563.26,2550.5706,0,0,2546.7155,2491.90413,2590.34437,6.603084637,1,2,2025,25.3788
12/02/2025,2543.0693,2568.5,2555.7847,5.2141,0.204428766,2549.9352,2495.429593,2588.536698,3.870477848,2,2,2025,25.4307
13/02/2025,2543.0693,2568.5,2555.7847,0,0,2551.808743,2498.825037,2586.729026,2.791192067,3,2,2025,25.4307
14/02/2025,2545.3465,2570.8,2558.0733,2.2886,0.089545884,2553.132157,2502.301077,2584.946782,3.284640009,4,2,2025,25.4535
15/02/2025,2545.3465,2570.8,2558.0733,0,0,2554.203971,2505.456047,2583.186651,3.524792586,5,2,2025,25.4535
16/02/2025,2545.3465,2570.8,2558.0733,0,0,2555.275786,2508.66674,2581.417343,3.373272181,6,2,2025,25.4535
17/02/2025,2545.3465,2570.8,2558.0733,0,0,2556.3476,2511.877433,2579.657212,2.766453921,0,2,2025,25.4535
18/02/2025,2548.9505,2574.44,2561.6952,3.6219,0.14158703,2557.936829,2515.208857,2577.8795,1.977505515,1,2,2025,25.4895
19/02/2025,2552.4752,2578,2565.2376,3.5424,0.13828343,2559.287243,2518.65836,2576.170337,3.145564158,2,2,2025,25.5248
20/02/2025,2558.1683,2583.75,2570.9592,5.7216,0.223043667,2561.455029,2522.288967,2574.524747,5.007313917,3,2,2025,25.5817
21/02/2025,2562.9901,2588.62,2575.805,4.8458,0.188482182,2563.988129,2525.836317,2572.932999,7.071168911,4,2,2025,25.6299
22/02/2025,2561.1188,2586.73,2573.9244,-1.8806,-0.073010185,2566.252571,2529.044687,2571.305098,7.392101204,5,2,2025,25.6112
23/02/2025,2561.1188,2586.73,2573.9244,0,0,2568.517014,2532.012257,2569.702404,6.878971867,6,2,2025,25.6112
24/02/2025,2561.1188,2586.73,2573.9244,0,0,2570.781457,2534.979827,2568.111983,5.294592613,0,2,2025,25.6112
25/02/2025,2566.8911,2592.56,2579.7255,5.8011,0.22537958,2573.357214,2538.140767,2566.575184,4.457024893,1,2,2025,25.6689
26/02/2025,2568.8911,2594.58,2581.7355,2.01,0.077915267,2575.714057,2541.368707,2565.077967,3.75444188,2,2,2025,25.6889
27/02/2025,2568.8911,2594.58,2581.7355,0,0,2577.253529,2544.56978,2563.580749,3.688592881,3,2,2025,25.6889
28/02/2025,2568.4455,2594.13,2581.2878,-0.4477,-0.017341048,2578.036786,2547.70087,2562.078557,3.905487024,4,2,2025,25.6845
01/03/2025,2575.6733,2601.43,2588.5516,7.2638,0.281402175,2580.126386,2551.10029,2560.657073,5.076113661,5,3,2025,25.7567
02/03/2025,2575.6733,2601.43,2588.5516,0,0,2582.215986,2554.497387,2559.215468,5.108101266,6,3,2025,25.7567
03/03/2025,2575.6733,2601.43,2588.5516,0,0,2584.305586,2557.90908,2557.766343,4.028664147,0,3,2025,25.7567
04/03/2025,2586.9901,2612.86,2599.925,11.3734,0.439373123,2587.191229,2561.699887,2556.517556,6.609099579,1,3,2025,25.8699
05/03/2025,2591.6535,2617.57,2604.6117,4.6867,0.180262892,2590.459257,2565.646917,2555.268216,8.765737835,2,3,2025,25.9165
06/03/2025,2598.7921,2624.78,2611.786,7.1743,0.275446048,2594.752186,2569.093437,2554.09859,10.88385908,3,3,2025,25.9879
07/03/2025,2597,2622.97,2609.985,-1.801,-0.068956645,2598.851786,2571.651377,2552.908953,10.35899157,4,3,2025,25.97
08/03/2025,2596.5347,2622.5,2609.5173,-0.4677,-0.017919643,2601.846886,2573.879623,2551.675312,9.905530773,5,3,2025,25.9653
09/03/2025,2596.5347,2622.5,2609.5173,0,0,2604.841986,2575.90322,2550.486781,8.246145609,6,3,2025,25.9653
10/03/2025,2596.5347,2622.5,2609.5173,0,0,2607.837086,2577.86811,2549.29825,4.116653845,0,3,2025,25.9653
11/03/2025,2602.7228,2628.75,2615.7364,6.2191,0.23832377,2610.095857,2580.040303,2548.171743,3.310708901,1,3,2025,26.0272
12/03/2025,2605.2772,2631.33,2618.3036,2.5672,0.098144446,2612.051843,2582.29807,2547.15038,3.565451421,2,3,2025,26.0528
13/03/2025,2607.0099,2633.08,2620.045,1.7414,0.066508712,2613.2317,2584.613883,2546.148366,4.661010469,3,3,2025,26.0701
14/03/2025,2608.3663,2634.45,2621.4082,1.3632,0.052029641,2614.863586,2586.801333,2545.161498,5.291862401,4,3,2025,26.0837
15/03/2025,2607.6733,2633.75,2620.7116,-0.6966,-0.026573504,2616.462771,2588.965563,2544.280216,5.094729,5,3,2025,26.0767
16/03/2025,2607.6733,2633.75,2620.7116,0,0,2618.061957,2591.053507,2543.306836,4.235736609,6,3,2025,26.0767
17/03/2025,2607.6733,2633.75,2620.7116,0,0,2619.661143,2593.14145,2542.502172,1.989826822,0,3,2025,26.0767
18/03/2025,2619.802,2646,2632.901,12.1894,0.465117947,2622.113229,2595.635707,2541.96385,4.857255825,1,3,2025,26.198
19/03/2025,2618.6931,2644.88,2631.7865,-1.1145,-0.042329734,2624.039357,2598.092813,2541.439017,5.695710612,2,3,2025,26.1869
20/03/2025,2617.703,2643.88,2630.7915,-0.995,-0.037807018,2625.574571,2600.396023,2540.903128,5.884797931,3,3,2025,26.177
21/03/2025,2617.5743,2643.75,2630.6621,-0.1294,-0.004918672,2626.896557,2602.57684,2540.365801,5.832035845,4,3,2025,26.1757
22/03/2025,2618.8119,2645,2631.9059,1.2438,0.047280873,2628.495743,2604.608397,2539.898017,5.369883751,5,3,2025,26.1881
23/03/2025,2618.8119,2645,2631.9059,0,0,2630.094929,2606.478427,2539.652018,4.206115311,6,3,2025,26.1881
24/03/2025,2618.8119,2645,2631.9059,0,0,2631.694114,2608.411143,2539.457651,0.761515357,0,3,2025,26.1881
25/03/2025,2618.8119,2645,2631.9059,0,0,2631.551957,2610.34386,2539.320333,0.566605878,1,3,2025,26.1881
26/03/2025,2619.3069,2645.5,2632.4035,0.4976,0.018906451,2631.6401,2612.293163,2539.226799,0.650894778,2,3,2025,26.1931
27/03/2025,2619.3069,2645.5,2632.4035,0,0,2631.870386,2614.049097,2539.133264,0.582154203,3,3,2025,26.1931
28/03/2025,2636.7921,2663.16,2649.976,17.5725,0.667545838,2634.629514,2616.32378,2539.23498,6.771228373,4,3,2025,26.3679
29/03/2025,2643.7921,2670.23,2657.011,7.035,0.265474102,2638.215957,2618.832963,2539.385232,10.63462915,5,3,2025,26.4379
30/03/2025,2643.7921,2670.23,2657.011,0,0,2641.8024,2621.35707,2539.493029,12.26085119,6,3,2025,26.4379
31/03/2025,2643.7921,2670.23,2657.011,0,0,2645.388843,2623.63905,2539.596846,12.55184998,0,3,2025,26.4379
01/04/2025,2643.7921,2670.23,2657.011,0,0,2648.975286,2625.92103,2542.733131,11.60847685,1,4,2025,26.4379
02/04/2025,2643.7921,2670.23,2657.011,0,0,2652.490643,2628.20301,2545.869417,9.23746791,2,4,2025,26.4379
03/04/2025,2639.604,2666,2652.802,-4.209,-0.158411087,2655.404714,2629.965577,2548.742236,2.861987346,3,4,2025,26.396
04/04/2025,2639.604,2666,2652.802,0,0,2655.808429,2631.57192,2551.781228,2.053781703,4,4,2025,26.396
05/04/2025,2645.5446,2672,2658.7723,5.9703,0.225056374,2656.060043,2633.13813,2554.886557,2.316725536,5,4,2025,26.4554
06/04/2025,2645.5446,2672,2658.7723,0,0,2656.311657,2634.764373,2557.991886,2.523626833,6,4,2025,26.4554
07/04/2025,2645.5446,2672,2658.7723,0,0,2656.563271,2636.406207,2560.999147,2.687460664,0,4,2025,26.4554
08/04/2025,2645.5446,2672,2658.7723,0,0,2656.814886,2638.04804,2563.859472,2.815754696,1,4,2025,26.4554
09/04/2025,2645.5446,2672,2658.7723,0,0,2657.0665,2639.689873,2566.251461,2.913208102,2,4,2025,26.4554
10/04/2025,2652.8713,2679.4,2666.1356,7.3633,0.27694361,2658.9713,2641.369847,2568.725264,3.864053613,3,4,2025,26.5287
11/04/2025,2652.8713,2679.4,2666.1356,0,0,2660.8761,2642.964247,2571.199068,3.592922503,4,4,2025,26.5287
12/04/2025,2652.8713,2679.4,2666.1356,0,0,2661.928,2644.5006,2573.672871,3.935849405,5,4,2025,26.5287
13/04/2025,2652.8713,2679.4,2666.1356,0,0,2662.9799,2645.991513,2576.074147,3.935849405,6,4,2025,26.5287
14/04/2025,2652.8713,2679.4,2666.1356,0,0,2664.0318,2647.505647,2578.432082,3.592922503,0,4,2025,26.5287
15/04/2025,2658,2684.58,2671.29,5.1544,0.193328501,2665.820043,2649.191593,2580.848726,3.653514109,1,4,2025,26.58
16/04/2025,2658,2684.58,2671.29,0,0,2667.608286,2650.87754,2583.158346,2.515089667,2,4,2025,26.58
17/04/2025,2658.4158,2685,2671.7079,0.4179,0.015644127,2668.404329,2652.171103,2585.491183,2.833028435,3,4,2025,26.5842
18/04/2025,2660.2376,2686.84,2673.5388,1.8309,0.068529198,2669.461929,2653.562847,2587.844364,3.202664096,4,4,2025,26.6024
19/04/2025,2660.2376,2686.84,2673.5388,0,0,2670.519529,2654.987757,2590.197546,3.142958756,5,4,2025,26.6024
20/04/2025,2660.2376,2686.84,2673.5388,0,0,2671.577129,2656.41698,2592.550727,2.624775684,6,4,2025,26.6024
21/04/2025,2660.2376,2686.84,2673.5388,0,0,2672.634729,2657.804743,2594.900702,1.136147118,0,4,2025,26.6024
22/04/2025,2660.2376,2686.84,2673.5388,0,0,2672.955986,2659.192507,2597.169083,1.002628944,1,4,2025,26.6024
23/04/2025,2663,2689.63,2676.315,2.7762,0.103839899,2673.673843,2660.67281,2599.376213,1.349804012,2,4,2025,26.63
24/04/2025,2662.802,2689.43,2676.116,-0.199,-0.007435597,2674.303571,2662.14648,2601.500866,1.30735859,3,4,2025,26.628
25/04/2025,2663.0396,2689.67,2676.3548,0.2388,0.00892338,2674.705857,2663.611523,2603.628171,1.457449006,4,4,2025,26.6304
26/04/2025,2663.3663,2690,2676.6832,0.3284,0.012270421,2675.155057,2665.087513,2605.759126,1.52098343,5,4,2025,26.6337
27/04/2025,2663.3663,2690,2676.6832,0,0,2675.604257,2665.977753,2607.89008,1.425412953,6,4,2025,26.6337
28/04/2025,2663.3663,2690,2676.6832,0,0,2676.053457,2666.633493,2610.012079,1.131102156,0,4,2025,26.6337
29/04/2025,2663.9604,2690.6,2677.2802,0.597,0.022303723,2676.587943,2667.309133,2612.122358,0.378158952,1,4,2025,26.6396
30/04/2025,2665.8713,2692.53,2679.2006,1.9204,0.071729511,2677.000171,2668.048787,2614.262709,1.034406266,2,4,2025,26.6587
01/05/2025,2665.3465,2692,2678.6733,-0.5273,-0.019681244,2677.3655,2668.770863,2616.396427,1.118281664,3,5,2025,26.6535
02/05/2025,2665.3465,2692,2678.6733,0,0,2677.696714,2669.49294,2618.53501,1.112372038,4,5,2025,26.6535
03/05/2025,2667.1089,2693.78,2680.4445,1.7712,0.066122285,2678.234043,2670.414357,2620.693273,1.409863497,5,5,2025,26.6711
04/05/2025,2667.1089,2693.78,2680.4445,0,0,2678.771371,2671.335773,2622.851537,1.436792941,6,5,2025,26.6711
05/05/2025,2667.1089,2693.78,2680.4445,0,0,2679.3087,2672.05818,2624.763249,1.21134148,0,5,2025,26.6711
06/05/2025,2670.7921,2697.5,2684.146,3.7015,0.138092768,2680.289529,2672.90397,2626.439907,1.886556621,1,5,2025,26.7079
07/05/2025,2672.4455,2699.17,2685.8078,1.6618,0.061911684,2681.233414,2673.805153,2628.030328,2.719794347,2,5,2025,26.7245
08/05/2025,2671.6436,2698.36,2685.0018,-0.806,-0.030009593,2682.137486,2674.67947,2629.543577,2.778153387,3,5,2025,26.7164
09/05/2025,2672.3663,2699.09,2685.7282,0.7264,0.027053986,2683.145329,2675.578,2631.045328,2.584931762,4,5,2025,26.7237
10/05/2025,2671.8416,2698.56,2685.2008,-0.5274,-0.019637132,2683.8248,2676.213507,2632.541219,2.373111571,5,5,2025,26.7184
11/05/2025,2671.8416,2698.56,2685.2008,0,0,2684.504271,2676.849013,2634.03711,1.871947698,6,5,2025,26.7184
12/05/2025,2671.8416,2698.56,2685.2008,0,0,2685.183743,2677.48452,2635.533001,0.547230475,0,5,2025,26.7184
13/05/2025,2671.6139,2698.33,2684.9719,-0.2289,-0.008524502,2685.301729,2678.112397,2636.968414,0.333489109,1,5,2025,26.7161
14/05/2025,2671.8713,2698.59,2685.2306,0.2587,0.00963511,2685.219271,2678.748897,2638.406702,0.247873165,2,5,2025,26.7187
15/05/2025,2672.1287,2698.85,2685.4894,0.2588,0.009637906,2685.288929,2679.22221,2639.822437,0.245070546,3,5,2025,26.7213
16/05/2025,2672.0495,2698.77,2685.4098,-0.0796,-0.002964078,2685.243443,2679.69287,2641.237287,0.16709543,4,5,2025,26.7205
17/05/2025,2670.9901,2697.7,2684.3451,-1.0647,-0.03964758,2685.1212,2680.11411,2642.640307,0.380377786,5,5,2025,26.7099
18/05/2025,2670.9901,2697.7,2684.3451,0,0,2684.998957,2680.47432,2644.043327,0.476010399,6,5,2025,26.7099
19/05/2025,2670.9901,2697.7,2684.3451,0,0,2684.876714,2680.83453,2645.406103,0.523083933,0,5,2025,26.7099
20/05/2025,2672.0594,2698.78,2685.4197,1.0746,0.040032111,2684.940686,2681.23056,2646.74146,0.562557785,1,5,2025,26.7206
21/05/2025,2671.8713,2698.59,2685.2306,-0.1891,-0.00704173,2684.940686,2681.620287,2648.011142,0.562557785,2,5,2025,26.7187
22/05/2025,2671.3861,2698.1,2684.7431,-0.4875,-0.018154865,2684.834071,2681.993763,2649.221566,0.509446444,3,5,2025,26.7139
23/05/2025,2672.1584,2698.88,2685.5192,0.7761,0.028907794,2684.8497,2682.30057,2650.461508,0.531262973,4,5,2025,26.7216
24/05/2025,2672.4653,2699.19,2685.8277,0.3085,0.011487537,2685.0615,2682.624293,2651.704878,0.588966643,5,5,2025,26.7247
25/05/2025,2672.4653,2699.19,2685.8277,0,0,2685.2733,2682.940057,2652.948248,0.55394179,6,5,2025,26.7247
26/05/2025,2672.4653,2699.19,2685.8277,0,0,2685.4851,2683.244873,2654.127161,0.402678217,0,5,2025,26.7247
27/05/2025,2672.1287,2698.85,2685.4894,-0.3383,-0.012595745,2685.495057,2683.538413,2655.279982,0.401651963,1,5,2025,26.7213
28/05/2025,2671.4455,2698.16,2684.8028,-0.6866,-0.025567034,2685.433943,2683.809067,2656.425174,0.474531958,2,5,2025,26.7145
29/05/2025,2672.4059,2699.13,2685.768,0.9652,0.035950499,2685.580357,2684.091993,2657.586066,0.373129512,3,5,2025,26.7241
30/05/2025,2672.21,2698.93,2685.57,-0.198,-0.007372193,2685.587614,2684.304307,2658.664048,0.37223474,4,5,2025,26.72
31/05/2025,2670.7228,2697.43,2684.0764,-1.4936,-0.055615754,2685.337429,2684.48441,2659.725434,0.660723017,5,5,2025,26.7072
01/06/2025,2670.7228,2697.43,2684.0764,0,0,2685.087243,2684.664513,2660.786821,0.767138208,6,6,2025,26.7072
02/06/2025,2670.7228,2697.43,2684.0764,0,0,2684.837057,2684.785577,2661.721837,0.770971512,0,6,2025,26.7072
03/06/2025,2669.3267,2696.02,2682.6734,-1.403,-0.052271239,2684.434771,2684.859873,2662.589189,1.055888796,1,6,2025,26.6933
04/06/2025,2663.7228,2690.36,2677.0414,-5.632,-0.209939831,2683.326,2684.746437,2663.314249,2.961145172,2,6,2025,26.6372
05/06/2025,2646.0396,2672.5,2659.2698,-17.7716,-0.663852266,2679.540543,2683.91723,2663.861858,9.354498725,3,6,2025,26.4604
06/06/2025,2635.4356,2661.79,2648.6128,-10.657,-0.400749108,2674.260943,2682.677397,2664.296252,14.4342854,4,6,2025,26.3544
07/06/2025,2604.7129,2630.76,2617.7364,-30.8764,-1.165757411,2664.7838,2680.435217,2664.387576,24.89999551,5,6,2025,26.0471
08/06/2025,2604.7129,2630.76,2617.7364,0,0,2655.306657,2678.168823,2664.478899,28.67228172,6,6,2025,26.0471
09/06/2025,2604.7129,2630.76,2617.7364,0,0,2645.829514,2675.92001,2664.501121,28.54152208,0,6,2025,26.0471
10/06/2025,2589.9406,2615.84,2602.8903,-14.8461,-0.567135026,2634.431929,2673.176327,2664.329862,27.27844198,1,6,2025,25.8994
11/06/2025,2578.2772,2604.06,2591.1686,-11.7217,-0.450334,2622.164386,2670.04192,2664.009013,24.03948374,2,6,2025,25.7828
12/06/2025,2569.4158,2595.11,2582.2629,-8.9057,-0.343694347,2611.1634,2666.618287,2663.574066,21.73915691,3,6,2025,25.6942
13/06/2025,2562.3762,2588,2575.1881,-7.0748,-0.273976751,2600.674157,2662.950203,2663.068249,18.06073456,4,6,2025,25.6238
14/06/2025,2570.9604,2596.67,2583.8152,8.6271,0.335008538,2595.828271,2659.561063,2662.658289,17.25237589,5,6,2025,25.7096
15/06/2025,2570.9604,2596.67,2583.8152,0,0,2590.982386,2656.174577,2662.248329,14.63919609,6,6,2025,25.7096
16/06/2025,2570.9604,2596.67,2583.8152,0,0,2586.1365,2652.82358,2661.702931,8.727823186,0,6,2025,25.7096
17/06/2025,2579.3465,2605.14,2592.2433,8.4281,0.326188189,2584.6155,2649.75352,2661.263562,5.736701872,1,6,2025,25.7935
18/06/2025,2598.1188,2624.1,2611.1094,18.8661,0.727790482,2587.464186,2647.31233,2661.044872,11.54438562,2,6,2025,25.9812
19/06/2025,2602.5842,2628.61,2615.5971,4.4877,0.171869474,2592.226214,2644.98491,2660.877483,15.30417218,3,6,2025,26.0258
20/06/2025,2606.7723,2632.84,2619.8061,4.209,0.160919279,2598.600214,2642.804093,2660.743041,16.28528856,4,6,2025,26.0677
21/06/2025,2608.3168,2634.4,2621.3584,1.5523,0.059252477,2603.963529,2640.69127,2660.625847,16.77918418,5,6,2025,26.0832
22/06/2025,2608.3168,2634.4,2621.3584,0,0,2609.326843,2638.552577,2660.508652,15.19054836,6,6,2025,26.0832
23/06/2025,2608.3168,2634.4,2621.3584,0,0,2614.690157,2636.4036,2660.391458,10.62289212,0,6,2025,26.0832
24/06/2025,2615.1188,2641.27,2628.1944,6.836,0.260780823,2619.826029,2634.48249,2660.34469,5.337570836,1,6,2025,26.1512
25/06/2025,2624.3861,2650.63,2637.5081,9.3137,0.354376373,2623.597271,2632.871837,2660.401408,7.165404177,2,6,2025,26.2439
26/06/2025,2627.5743,2653.85,2640.7121,3.204,0.1214783,2627.185129,2631.37926,2660.298476,8.630022056,3,6,2025,26.2757
27/06/2025,2615.0396,2641.19,2628.1148,-12.5973,-0.47704178,2628.372086,2629.48966,2659.977407,7.99391268,4,6,2025,26.1504
28/06/2025,2605.297,2631.35,2618.3235,-9.7913,-0.372559829,2627.938529,2627.24151,2659.547546,8.503747455,5,6,2025,26.053
29/06/2025,2605.297,2631.35,2618.3235,0,0,2627.504971,2624.99996,2659.117684,8.960256734,6,6,2025,26.053
30/06/2025,2605.297,2631.35,2618.3235,0,0,2627.071414,2622.808197,2658.687823,9.371236837,0,6,2025,26.053
01/07/2025,2591.5941,2617.51,2604.552,-13.7715,-0.525966329,2623.693929,2620.157383,2658.104946,12.60245699,1,7,2025,25.9159
02/07/2025,2594.1683,2620.11,2607.1392,2.5872,0.099333782,2619.355514,2617.59281,2657.597581,12.27739366,2,7,2025,25.9417
03/07/2025,2594.9406,2620.89,2607.9153,0.7761,0.029768261,2614.670257,2615.100873,2657.09884,8.421398123,3,7,2025,25.9494
04/07/2025,2598.6139,2624.6,2611.6069,3.6916,0.141553677,2612.311986,2612.919723,2656.57478,5.98912895,4,7,2025,25.9861
05/07/2025,2600.3564,2626.36,2613.3582,1.7513,0.067058331,2611.602657,2611.389337,2656.070179,5.426051736,5,7,2025,26.0036
06/07/2025,2600.3564,2626.36,2613.3582,0,0,2610.893329,2610.214183,2655.565578,4.67337133,6,7,2025,26.0036
07/07/2025,2600.3564,2626.36,2613.3582,0,0,2610.184,2610.068243,2655.060977,3.61451961,0,7,2025,26.0036
08/07/2025,2600.3564,2626.36,2613.3582,0,0,2611.442029,2609.922303,2654.556376,2.758809601,1,7,2025,26.0036
09/07/2025,2599.505,2625.5,2612.5025,-0.8557,-0.032743311,2612.208214,2609.74784,2653.960452,2.006953104,2,7,2025,25.995
10/07/2025,2576.6337,2602.4,2589.5168,-22.9857,-0.879834565,2609.579857,2609.302057,2653.109132,8.872058244,3,7,2025,25.7663
11/07/2025,2567.396,2593.07,2580.233,-9.2838,-0.358514762,2605.097871,2608.937537,2652.154659,14.07593842,4,7,2025,25.674
12/07/2025,2569.3564,2595.05,2582.2032,1.9702,0.076357445,2600.647157,2608.935547,2651.222077,15.84331196,5,7,2025,25.6936
13/07/2025,2569.3564,2595.05,2582.2032,0,0,2596.196443,2609.169383,2650.289494,16.0520515,6,7,2025,25.6936
14/07/2025,2569.3564,2595.05,2582.2032,0,0,2591.745729,2609.11565,2649.299641,14.76839575,0,7,2025,25.6936
15/07/2025,2569.7921,2595.49,2582.641,0.4378,0.016954514,2587.357557,2609.07651,2648.314652,11.47197963,1,7,2025,25.6979
16/07/2025,2568.7525,2594.44,2581.5962,-1.0448,-0.040454713,2582.942371,2609.002543,2647.313411,3.002941059,2,7,2025,25.6875
17/07/2025,2572.7426,2598.47,2585.6063,4.0101,0.15533413,2582.383729,2608.78131,2646.336383,1.622485826,3,7,2025,25.7274
18/07/2025,2571.5347,2597.25,2584.3923,-1.214,-0.046952237,2582.977914,2607.89074,2645.345867,1.456713806,4,7,2025,25.7153
19/07/2025,2571.53,2597.25,2584.39,-0.0023,-8.90E-05,2583.290314,2606.850503,2644.355324,1.496815409,5,7,2025,25.72
20/07/2025,2571.53,2597.25,2584.39,0,0,2583.602714,2605.669967,2643.364782,1.459855762,6,7,2025,25.72
21/07/2025,2571.53,2597.25,2584.39,0,0,2583.915114,2604.437687,2642.37424,1.339470998,0,7,2025,25.72
22/07/2025,2569.8812,2595.58,2582.7306,-1.6594,-0.064208575,2583.927914,2603.150093,2641.334413,1.32562283,1,7,2025,25.6988
23/07/2025,2568.901,2594.59,2581.7455,-0.9851,-0.038141802,2583.949243,2601.829663,2640.285852,1.282348859,2,7,2025,25.689
24/07/2025,2554.3366,2579.88,2567.1083,-14.6372,-0.566949763,2581.306671,2599.79346,2639.072002,6.3489598,3,7,2025,25.5434
25/07/2025,2545.4356,2570.89,2558.1628,-8.9455,-0.348466015,2577.5596,2597.148617,2637.755109,10.564797,4,7,2025,25.4544
26/07/2025,2543.0396,2568.47,2555.7548,-2.408,-0.094130053,2573.468857,2594.316707,2636.41146,12.78896212,5,7,2025,25.4304
27/07/2025,2543.0396,2568.47,2555.7548,0,0,2569.378114,2591.904707,2635.067811,13.2835897,6,7,2025,25.4304
28/07/2025,2543.0396,2568.47,2555.7548,0,0,2565.287371,2589.819083,2633.717529,12.25983464,0,7,2025,25.4304
29/07/2025,2538.0297,2563.41,2550.7199,-5.0349,-0.197002467,2560.714414,2587.56563,2632.289966,10.51493156,1,7,2025,25.3803
30/07/2025,2534.2574,2559.6,2546.9287,-3.7912,-0.148632549,2555.740586,2585.185803,2630.826137,6.297476626,2,7,2025,25.3426
31/07/2025,2533.1287,2558.46,2545.7944,-1.1343,-0.044535993,2552.695743,2583.227217,2629.349704,4.877729615,3,7,2025,25.3313
01/08/2025,2529.9604,2555.26,2542.6102,-3.1842,-0.125076872,2550.473943,2581.07625,2627.818212,5.477654172,4,8,2025,25.2996
02/08/2025,2516.1881,2541.35,2528.7691,-13.8411,-0.544365786,2546.618843,2578.438043,2626.13293,9.302404265,5,8,2025,25.1619
03/08/2025,2516.1881,2541.35,2528.7691,0,0,2542.763743,2575.676783,2624.447648,10.41091883,6,8,2025,25.1619
04/08/2025,2516.1881,2541.35,2528.7691,0,0,2538.908643,2572.857147,2622.721238,9.775592707,0,8,2025,25.1619
05/08/2025,2481.6535,2506.47,2494.0617,-34.7074,-1.372501744,2530.814614,2568.880597,2620.590726,18.19579931,1,8,2025,24.8165
06/08/2025,2446.1485,2470.61,2458.3793,-35.6824,-1.430694357,2518.1647,2563.714633,2618.072698,31.23457313,2,8,2025,24.4615
07/08/2025,2446.0198,2470.48,2458.2499,-0.1294,-0.00526363,2505.658343,2558.544357,2615.545161,35.55538287,3,8,2025,24.4602
08/08/2025,2449.6337,2474.13,2461.8818,3.6319,0.147743319,2494.125714,2553.523667,2613.063839,34.65315477,4,8,2025,24.4963
09/08/2025,2449.6337,2474.13,2461.8818,0,0,2484.570386,2549.269167,2610.582517,32.67369614,5,8,2025,24.4963
10/08/2025,2449.6337,2474.13,2461.8818,0,0,2475.015057,2545.324127,2608.101194,26.85621581,6,8,2025,24.4963
11/08/2025,2449.6337,2474.13,2461.8818,0,0,2465.459729,2541.313413,2605.622416,12.72394827,0,8,2025,24.4963
12/08/2025,2453.3267,2477.86,2465.5934,3.7116,0.150762721,2461.392829,2537.42642,2603.182002,2.502016754,1,8,2025,24.5333
13/08/2025,2456.4851,2481.05,2468.7676,3.1742,0.1287398,2462.876871,2533.645233,2600.773982,3.352853108,2,8,2025,24.5649
14/08/2025,2460.7624,2485.37,2473.0662,4.2986,0.174119265,2464.993486,2529.99274,2598.414609,4.444151657,3,8,2025,24.6076
15/08/2025,2462.0495,2486.67,2474.3598,1.2936,0.052307536,2466.776057,2526.418193,2596.081439,5.389886095,4,8,2025,24.6205
16/08/2025,2465.198,2489.85,2477.524,3.1642,0.127879543,2469.010657,2522.81545,2593.783427,6.203704475,5,8,2025,24.652
17/08/2025,2465.198,2489.85,2477.524,0,0,2471.245257,2519.253173,2591.485414,6.022430816,6,8,2025,24.652
18/08/2025,2465.198,2489.85,2477.524,0,0,2473.479857,2515.690973,2589.175462,4.733079682,0,8,2025,24.652
19/08/2025,2465.2079,2489.86,2477.534,0.01,0.000403629,2475.185657,2512.129107,2586.867722,3.373520718,1,8,2025,24.6521
20/08/2025,2463.2376,2487.87,2475.5538,-1.9802,-0.079926249,2476.155114,2508.501233,2584.543397,1.855127751,2,8,2025,24.6324
21/08/2025,2461.1782,2485.79,2473.4841,-2.0697,-0.083605535,2476.214814,2504.859683,2582.187451,1.742458563,3,8,2025,24.6118
22/08/2025,2454.0594,2478.6,2466.3297,-7.1544,-0.289243824,2475.067657,2501.01249,2579.748584,4.148887219,4,8,2025,24.5406
23/08/2025,2454.7426,2479.29,2467.0163,0.6866,0.027838938,2473.566557,2497.67609,2577.317347,4.937901276,5,8,2025,24.5474
24/08/2025,2454.7426,2479.29,2467.0163,0,0,2472.065457,2494.637873,2574.886109,5.127842631,6,8,2025,24.5474
25/08/2025,2454.7426,2479.29,2467.0163,0,0,2470.564357,2491.679923,2572.45863,4.790508142,0,8,2025,24.5474
26/08/2025,2457.9703,2482.55,2470.2601,3.2438,0.131486768,2469.525229,2488.8301,2570.074822,3.68899135,1,8,2025,24.5797
27/08/2025,2454.5644,2479.11,2466.8372,-3.4229,-0.138564356,2468.28,2485.86618,2567.642258,2.635640587,2,8,2025,24.5456
28/08/2025,2454.3465,2478.89,2466.6183,-0.2189,-0.008873711,2467.299171,2483.062793,2565.209461,1.330665567,3,8,2025,24.5435
29/08/2025,2453.7624,2478.3,2466.0312,-0.5871,-0.023801818,2467.256529,2480.36621,2562.786737,1.371080651,4,8,2025,24.5376
30/08/2025,2451.0297,2475.54,2463.2849,-2.7463,-0.111365177,2466.723471,2477.615893,2560.333498,2.041496478,5,8,2025,24.5103
31/08/2025,2451.0297,2475.54,2463.2849,0,0,2466.190414,2474.971717,2557.880259,2.40676902,6,8,2025,24.5103
01/09/2025,2451.0297,2475.54,2463.2849,0,0,2465.657357,2472.78891,2555.442609,2.598913213,0,9,2025,24.5103
02/09/2025,2452.6337,2477.16,2464.8968,1.6119,0.065437011,2464.891171,2470.659833,2553.085447,1.623269378,1,9,2025,24.5263
03/09/2025,2457.802,2482.38,2470.091,5.1942,0.210726875,2465.356,2468.703897,2550.98346,2.501624526,2,9,2025,24.578
04/09/2025,2457.0594,2481.63,2469.3447,-0.7463,-0.030213462,2465.745486,2467.879997,2548.991592,2.909844903,3,9,2025,24.5706
05/09/2025,2456.0693,2480.63,2468.3497,-0.995,-0.040294091,2466.0767,2468.212343,2547.33174,3.075049139,4,9,2025,24.5607
06/09/2025,2456.0693,2480.63,2468.3497,0,0,2466.800243,2468.549003,2545.671888,2.899521372,5,9,2025,24.5607
07/09/2025,2456.0693,2480.63,2468.3497,0,0,2467.523786,2468.7646,2544.012036,2.477294468,6,9,2025,24.5607
08/09/2025,2456.0693,2480.63,2468.3497,0,0,2468.247329,2468.980197,2542.51714,1.626412706,0,9,2025,24.5607
09/09/2025,2454.9901,2479.54,2467.265,-1.0847,-0.043944341,2468.585643,2469.159637,2541.140433,0.895269193,1,9,2025,24.5499
10/09/2025,2451.5941,2476.11,2463.852,-3.413,-0.13833131,2467.694357,2469.22531,2539.824757,1.797664437,2,9,2025,24.5159
11/09/2025,2441.3663,2465.78,2453.5732,-10.2788,-0.417184149,2465.441286,2468.824637,2538.47348,5.485415755,3,9,2025,24.4137
12/09/2025,2442.3762,2466.8,2454.5881,1.0149,0.041364162,2463.475343,2468.351987,2537.037623,6.618370435,4,9,2025,24.4238
13/09/2025,2443.9802,2468.42,2456.2001,1.612,0.065672933,2461.739686,2467.789783,2535.619678,6.719365351,5,9,2025,24.4398
14/09/2025,2443.9802,2468.42,2456.2001,0,0,2460.004029,2467.18446,2534.201732,6.282335094,6,9,2025,24.4398
15/09/2025,2443.9802,2468.42,2456.2001,0,0,2458.268371,2466.473663,2532.690141,5.172660604,0,9,2025,24.4398
16/09/2025,2443.6931,2468.13,2455.9115,-0.2886,-0.011749857,2456.646443,2465.753247,2530.96572,3.335152609,1,9,2025,24.4369
17/09/2025,2444.6931,2469.14,2456.9165,1.005,0.04092167,2455.655657,2465.06633,2529.202602,1.156196377,2,9,2025,24.4469
18/09/2025,2447.4554,2471.93,2459.6927,2.7762,0.112995293,2456.529871,2464.47162,2527.423564,1.561627,3,9,2025,24.4746
19/09/2025,2449.8218,2474.32,2462.0709,2.3782,0.096686875,2457.598843,2464.02219,2525.653703,2.365223572,4,9,2025,24.4982
20/09/2025,2449.1287,2473.62,2461.3744,-0.6965,-0.028289193,2458.338029,2463.618533,2523.876103,2.646988124,5,9,2025,24.4913
21/09/2025,2449.1287,2473.62,2461.3744,0,0,2459.077214,2463.453357,2522.098503,2.67280505,6,9,2025,24.4913
22/09/2025,2449.1287,2473.62,2461.3744,0,0,2459.8164,2463.265293,2520.244948,2.450776339,0,9,2025,24.4913
23/09/2025,2451.099,2475.61,2463.3545,1.9801,0.080446924,2460.879686,2463.143233,2518.309908,2.057251403,1,9,2025,24.511
24/09/2025,2447.0891,2471.56,2459.3246,-4.0299,-0.163593993,2461.2237,2462.886843,2516.294491,1.370932151,2,9,2025,24.4709
25/09/2025,2446.3168,2470.78,2458.5484,-0.7762,-0.031561511,2461.060229,2462.496453,2514.41042,1.628032479,3,9,2025,24.4632
26/09/2025,2440.6436,2465.05,2452.8468,-5.7016,-0.231909203,2459.7425,2462.030107,2512.57179,3.42021029,4,9,2025,24.4064
27/09/2025,2436.0396,2460.4,2448.2198,-4.627,-0.188637953,2457.863271,2461.416823,2510.681749,5.409498561,5,9,2025,24.3604
28/09/2025,2436.0396,2460.4,2448.2198,0,0,2455.984043,2460.82311,2508.791708,6.211871232,6,9,2025,24.3604
29/09/2025,2436.0396,2460.4,2448.2198,0,0,2454.104814,2460.32094,2507.054683,6.298559122,0,9,2025,24.3604
30/09/2025,2430.6931,2455,2442.8465,-5.3733,-0.219477843,2451.1751,2459.63966,2505.229209,6.043473839,1,9,2025,24.3069
01/10/2025,2429.2574,2453.55,2441.4037,-1.4428,-0.059062246,2448.614971,2458.910287,2503.37908,5.807000888,2,10,2025,24.2926
02/10/2025,2431.099,2455.41,2443.2545,1.8508,0.075808847,2446.430129,2458.188877,2501.508498,4.061494767,3,10,2025,24.311
03/10/2025,2428.8515,2453.14,2440.9957,-2.2588,-0.092450459,2444.737114,2457.219033,2499.593359,3.348375191,4,10,2025,24.2885
04/10/2025,2432.8416,2457.17,2445.0058,4.0101,0.164281322,2444.277971,2456.407737,2497.722777,2.992688468,5,10,2025,24.3284
05/10/2025,2432.8416,2457.17,2445.0058,0,0,2443.818829,2455.629607,2495.852194,2.491757827,6,10,2025,24.3284
06/10/2025,2432.8416,2457.17,2445.0058,0,0,2443.359686,2454.851477,2493.981612,1.723262841,0,10,2025,24.3284
07/10/2025,2429.2475,2453.54,2441.3938,-3.612,-0.147729711,2443.152157,2453.952947,2492.080404,1.87606322,1,10,2025,24.2925
08/10/2025,2428.3663,2452.65,2440.5082,-0.8856,-0.036274361,2443.024229,2453.024897,2490.424753,2.038648498,2,10,2025,24.2837
09/10/2025,2428.1386,2452.42,2440.2793,-0.2289,-0.009379194,2442.5992,2452.125373,2488.869712,2.278654176,3,10,2025,24.2814
10/10/2025,2431.8812,2456.2,2444.0406,3.7613,0.154133996,2443.034186,2451.464993,2487.334572,2.211165712,4,10,2025,24.3188
11/10/2025,2426.5941,2450.86,2438.727,-5.3136,-0.217410464,2442.137214,2450.97012,2485.740392,2.528774555,5,10,2025,24.2659
12/10/2025,2426.5941,2450.86,2438.727,0,0,2441.240243,2450.441417,2484.146212,2.454148792,6,10,2025,24.2659
13/10/2025,2426.5941,2450.86,2438.727,0,0,2440.343271,2449.85898,2482.547168,1.942598888,0,10,2025,24.2659
14/10/2025,2430.0396,2454.34,2442.1898,3.4628,0.141992113,2440.456986,2449.39197,2480.998208,2.035423115,1,10,2025,24.3004
15/10/2025,2430.0396,2454.34,2442.1898,0,0,2440.697214,2448.92496,2479.404691,2.139070578,2,10,2025,24.3004
16/10/2025,2430.5248,2454.83,2442.6774,0.4876,0.019965688,2441.0398,2448.483823,2477.830081,2.250135771,3,10,2025,24.3052
17/10/2025,2432.5248,2456.85,2444.6874,2.01,0.082286756,2441.1322,2448.076187,2476.27783,2.402050747,4,10,2025,24.3252
18/10/2025,2435.0297,2459.38,2447.2049,2.5175,0.102978401,2442.343329,2447.659927,2474.753551,3.039845338,5,10,2025,24.3503
19/10/2025,2435.0297,2459.38,2447.2049,0,0,2443.554457,2447.164393,2473.229272,3.04776354,6,10,2025,24.3503
20/10/2025,2435.0297,2459.38,2447.2049,0,0,2444.765586,2446.692077,2471.723431,2.431965571,0,10,2025,24.3503
21/10/2025,2437.297,2461.67,2449.4835,2.2786,0.093110307,2445.807543,2446.295713,2470.253853,2.692924668,1,10,2025,24.373
22/10/2025,2437.7624,2462.14,2449.9512,0.4677,0.019093821,2446.916314,2445.91494,2468.952108,2.5490937,2,10,2025,24.3776
23/10/2025,2439.6535,2464.05,2451.8517,1.9005,0.077572974,2448.226929,2445.531513,2467.770873,2.35771575,3,10,2025,24.3965
24/10/2025,2444.5842,2469.03,2456.8071,4.9554,0.202108472,2449.958314,2445.447597,2466.671454,3.499050946,4,10,2025,24.4458
25/10/2025,2447.2574,2471.73,2459.4937,2.6866,0.109353315,2451.713857,2445.479107,2465.601887,4.747436511,5,10,2025,24.4726
26/10/2025,2447.2574,2471.73,2459.4937,0,0,2453.4694,2445.70067,2464.532319,5.063771089,6,10,2025,24.4726
27/10/2025,2447.2574,2471.73,2459.4937,0,0,2455.224943,2446.076467,2463.518694,4.642653355,0,10,2025,24.4726
28/10/2025,2444.0693,2468.51,2456.2897,-3.204,-0.130270714,2456.197257,2446.345463,2462.511594,3.891811002,1,10,2025,24.4407
29/10/2025,2439.4455,2463.84,2451.6428,-4.6469,-0.189183711,2456.438914,2446.459563,2461.465466,3.468866771,2,10,2025,24.3945
30/10/2025,2439.4455,2463.84,2451.6428,0,0,2456.409071,2446.752773,2460.454717,3.515493404,3,10,2025,24.3945
31/10/2025,2439.4455,2463.84,2451.6428,0,0,2455.671314,2447.094077,2459.597758,3.934909584,4,10,2025,24.3945
01/11/2025,2439.4455,2463.84,2451.6428,0,0,2454.549757,2447.373687,2458.740799,3.779641571,5,11,2025,24.3945
02/11/2025,2439.4455,2463.84,2451.6428,0,0,2453.4282,2447.72859,2457.88384,3.186344256,6,11,2025,24.3945
03/11/2025,2439.4455,2463.84,2451.6428,0,0,2452.306643,2447.949823,2457.412519,1.75636311,0,11,2025,24.3945
04/11/2025,2439.4455,2463.84,2451.6428,0,0,2451.6428,2448.171057,2457.337669,0,1,11,2025,24.3945
05/11/2025,2440.5941,2465,2452.797,1.1542,0.047078636,2451.807686,2448.430763,2457.277081,0.436246597,2,11,2025,24.4059
06/11/2025,2441.0891,2465.5,2453.2946,0.4976,0.020287044,2452.043657,2448.827457,2457.181668,0.699501698,3,11,2025,24.4109
07/11/2025,2442.3069,2466.73,2454.5185,1.2239,0.049888016,2452.454471,2449.294467,2457.099853,1.134210285,4,11,2025,24.4231
08/11/2025,2439.3762,2463.77,2451.5731,-2.9454,-0.119999096,2452.444514,2449.670927,2456.985312,1.142796927,5,11,2025,24.3938
09/11/2025,2439.3762,2463.77,2451.5731,0,0,2452.434557,2449.92201,2456.870771,1.15121906,6,11,2025,24.3938
10/11/2025,2439.3762,2463.77,2451.5731,0,0,2452.4246,2450.350213,2456.71499,1.15948027,0,11,2025,24.3938
11/11/2025,2431.6634,2455.98,2443.8217,-7.7514,-0.31618066,2451.3073,2450.520037,2456.437813,3.48153532,1,11,2025,24.3166
12/11/2025,2426.3366,2450.6,2438.4683,-5.3534,-0.219058534,2449.260343,2450.511413,2456.053392,5.859707177,2,11,2025,24.2634
13/11/2025,2421.5842,2445.8,2433.6921,-4.7762,-0.195868858,2446.459986,2450.228157,2455.601529,7.929039068,3,11,2025,24.2158
14/11/2025,2417.0198,2441.19,2429.1049,-4.5872,-0.188487278,2442.829471,2449.791993,2455.063539,9.320343995,4,11,2025,24.1702
15/11/2025,2414.1782,2438.32,2426.2491,-2.8558,-0.11756594,2439.211757,2449.244383,2454.493818,10.23112533,5,11,2025,24.1418
16/11/2025,2414.1782,2438.32,2426.2491,0,0,2435.594043,2448.629773,2453.924097,9.588780241,6,11,2025,24.1418
17/11/2025,2414.1782,2438.32,2426.2491,0,0,2431.976329,2447.931247,2453.354264,6.976758229,0,11,2025,24.1418
18/11/2025,2410.9406,2435.05,2422.9953,-3.2538,-0.134108241,2429.001129,2447.12426,2452.770281,5.329701007,1,11,2025,24.1094
19/11/2025,2408.6832,2432.77,2420.7266,-2.2687,-0.093632043,2426.4666,2446.24165,2452.184087,4.169490768,2,11,2025,24.0868
20/11/2025,2409.9604,2434.06,2422.0102,1.2836,0.053025402,2424.797757,2445.325873,2451.691648,2.957034408,3,11,2025,24.0996
21/11/2025,2411.3663,2435.48,2423.4232,1.413,0.058339969,2423.986086,2444.441607,2451.20728,2.280006182,4,11,2025,24.1137
22/11/2025,2412.7723,2436.9,2424.8361,1.4129,0.058301827,2423.784229,2443.541087,2450.738611,2.101849805,5,11,2025,24.1277
23/11/2025,2412.7723,2436.9,2424.8361,0,0,2423.582371,2442.475387,2450.269942,1.88203143,6,11,2025,24.1277
24/11/2025,2412.7723,2436.9,2424.8361,0,0,2423.380514,2441.320133,2449.765231,1.603507807,0,11,2025,24.1277
25/11/2025,2416.2871,2440.45,2428.3686,3.5325,0.145679949,2424.148129,2440.28263,2449.337802,2.450694151,1,11,2025,24.1629
26/11/2025,2420.2376,2444.44,2432.3388,3.9702,0.163492478,2425.807014,2439.377467,2448.956919,3.467764384,2,11,2025,24.2024
27/11/2025,2420.7129,2444.92,2432.8164,0.4776,0.019635422,2427.350757,2438.595023,2448.587866,3.876984099,3,11,2025,24.2071
28/11/2025,2425.1881,2449.44,2437.3141,4.4977,0.184876261,2429.335171,2438.1174,2448.299301,4.940702204,4,11,2025,24.2519
29/11/2025,2424.6733,2448.92,2436.7966,-0.5175,-0.021232389,2431.043814,2437.622527,2448.004987,5.187457298,5,11,2025,24.2467
30/11/2025,2424.6733,2448.92,2436.7966,0,0,2432.752457,2437.127653,2447.710672,4.753610615,6,11,2025,24.2467
01/12/2025,2424.6733,2448.92,2436.7966,0,0,2434.4611,2436.63278,2447.398448,3.387010516,0,12,2025,24.2467
02/12/2025,2424.5842,2448.83,2436.7071,-0.0895,-0.003672855,2435.652314,2436.134923,2447.027516,2.114397504,1,12,2025,24.2458
03/12/2025,2423.5644,2447.8,2435.6822,-1.0249,-0.042060862,2436.129943,2435.602903,2446.653488,1.541031781,2,12,2025,24.2356
04/12/2025,2419.198,2443.39,2431.294,-4.3882,-0.180163077,2435.912457,2434.92461,2446.241758,2.094610166,3,12,2025,24.192
05/12/2025,2414.6139,2438.76,2426.6869,-4.6071,-0.189491686,2434.394286,2434.054273,2445.778838,3.944125188,4,12,2025,24.1461
06/12/2025,2417.703,2441.88,2429.7915,3.1046,0.127935746,2433.393557,2433.270837,2445.350413,4.117868779,5,12,2025,24.177
07/12/2025,2417.703,2441.88,2429.7915,0,0,2432.392829,2432.446603,2444.921989,4.002602714,6,12,2025,24.177
08/12/2025,2417.703,2441.88,2429.7915,0,0,2431.3921,2431.72055,2444.505617,3.570445228,0,12,2025,24.177
09/12/2025,2420.703,2444.91,2432.8065,3.015,0.124084721,2430.834871,2431.094997,2444.160667,2.830378401,1,12,2025,24.207
10/12/2025,2420.703,2444.91,2432.8065,0,0,2430.424057,2430.469443,2443.929926,2.132119355,2,12,2025,24.207
11/12/2025,2425.0198,2449.27,2437.1449,4.3384,0.17832902,2431.2599,2430.246883,2443.736112,3.336617369,3,12,2025,24.2502
12/12/2025,2428.3861,2452.67,2440.5281,3.3832,0.138818172,2433.237214,2430.315543,2443.561979,4.171668183,4,12,2025,24.2839
13/12/2025,2428.8911,2453.18,2441.0355,0.5074,0.020790582,2434.8435,2430.560323,2443.393483,4.748616099,5,12,2025,24.2889
14/12/2025,2428.8911,2453.18,2441.0355,0,0,2436.449786,2430.95801,2443.224988,4.655699242,6,12,2025,24.2889
15/12/2025,2428.8911,2453.18,2441.0355,0,0,2438.056071,2431.45089,2443.059699,3.844653059,0,12,2025,24.2889
16/12/2025,2434.1188,2458.46,2446.2894,5.2539,0.215232429,2439.9822,2432.1189,2442.94162,4.142222494,1,12,2025,24.3412
17/12/2025,2433.4158,2457.75,2445.5829,-0.7065,-0.028880475,2441.8074,2432.76336,2442.784844,3.149225509,2,12,2025,24.3342
18/12/2025,2432.2574,2456.58,2444.4187,-1.1642,-0.047604193,2442.846514,2433.477473,2442.588709,2.484196711,3,12,2025,24.3226
19/12/2025,2434.0198,2458.36,2446.1899,1.7712,0.072458945,2443.655343,2434.32625,2442.419992,2.524914435,4,12,2025,24.3402
20/12/2025,2428.6139,2452.9,2440.7569,-5.433,-0.2221005,2443.615543,2434.95114,2442.190909,2.574796546,5,12,2025,24.2861
21/12/2025,2428.6139,2452.9,2440.7569,0,0,2443.575743,2435.52893,2441.961826,2.623026023,6,12,2025,24.2861
22/12/2025,2428.6139,2452.9,2440.7569,0,0,2443.535943,2436.059623,2441.710741,2.669692432,0,12,2025,24.2861
23/12/2025,2433.9307,2458.27,2446.1003,5.3434,0.218923892,2443.508929,2436.76843,2441.563804,2.637954985,1,12,2025,24.3393
24/12/2025,2437.8317,2462.21,2450.0208,3.9205,0.160275521,2444.142914,2437.60792,2441.469053,3.583350058,2,12,2025,24.3783
25/12/2025,2436.9406,2461.31,2449.1253,-0.8955,-0.03655071,2444.815286,2438.29981,2441.427703,4.054337433,3,12,2025,24.3694
26/12/2025,2436.9406,2461.31,2449.1253,0,0,2445.234629,2438.85936,2441.437764,4.360459299,4,12,2025,24.3694
27/12/2025,2436.9406,2461.31,2449.1253,0,0,2446.430114,2439.40299,2441.447826,4.065394613,5,12,2025,24.3694
28/12/2025,2436.9406,2461.31,2449.1253,0,0,2447.6256,2439.796697,2441.457887,3.272077913,6,12,2025,24.3694
29/12/2025,2436.9406,2461.31,2449.1253,0,0,2448.821086,2440.207653,2441.527651,1.245305916,0,12,2025,24.3694
30/12/2025,2436.3267,2460.69,2448.5084,-0.6169,-0.025188585,2449.1651,2440.598047,2441.606592,0.441851709,1,12,2025,24.3633
31/12/2025,2435.2871,2459.64,2447.4636,-1.0448,-0.042670877,2448.799786,2440.953613,2441.65336,0.632468137,2,12,2025,24.3529
26/01/2026,2474.3069,2499.05,2486.6785,39.2149,1.602266935,2454.164529,2442.619327,2442.160947,14.35053931,0,1,2026,24.7431
27/01/2026,2474.3069,2499.05,2486.6785,0,0,2459.529271,2444.319203,2442.623977,18.55590258,1,1,2026,24.7431
28/01/2026,2472.4851,2497.21,2484.8476,-1.8309,-0.073628336,2464.632457,2446.104323,2443.066663,20.06824495,2,1,2026,24.7249
29/01/2026,2472.49,2497.21,2484.85,0.0024,9.66E-05,2469.735986,2448.043093,2443.509377,20.0098385,3,1,2026,24.72
30/01/2026,2490.099,2515,2502.5495,17.6995,0.712296517,2477.368014,2450.46836,2444.188884,21.00219494,4,1,2026,24.901
31/01/2026,2505.5248,2530.58,2518.0524,15.5029,0.61948425,2487.302871,2453.41039,2445.050487,21.51737807,5,1,2026,25.0552
01/02/2026,2505.5248,2530.58,2518.0524,0,0,2497.386986,2456.35242,2445.914632,15.40847054,6,2,2026,25.0552
02/02/2026,2505.5248,2530.58,2518.0524,0,0,2501.868971,2459.19395,2446.736986,16.31101926,0,2,2026,25.0552
03/02/2026,2513.4356,2538.57,2526.0028,7.9504,0.315736082,2507.486729,2462.300493,2447.706717,16.96601008,1,2,2026,25.1344
04/02/2026,2521.8218,2547.04,2534.4309,8.4281,0.333653629,2514.570057,2465.54336,2448.770093,16.27532086,2,2,2026,25.2182
05/02/2026,2537.1782,2562.55,2549.8641,15.4332,0.608941439,2523.857786,2469.187893,2450.00495,14.98816625,3,2,2026,25.3718
06/02/2026,2537.1782,2562.55,2549.8641,0,0,2530.617014,2472.815513,2451.201331,14.43575371,4,2,2026,25.3718
07/02/2026,2540.5743,2565.98,2553.2771,3.413,0.133850271,2535.649114,2476.5569,2452.435634,15.43103826,5,2,2026,25.4057
08/02/2026,2540.5743,2565.98,2553.2771,0,0,2540.681214,2480.298287,2453.66452,14.44846569,6,2,2026,25.4057
09/02/2026,2540.5743,2565.98,2553.2771,0,0,2545.713314,2483.864543,2454.871072,10.96880313,0,2,2026,25.4057
10/02/2026,2542.6535,2568.08,2555.3667,2.0896,0.081839923,2549.908157,2487.524003,2456.07287,7.110958547,1,2,2026,25.4265
11/02/2026,2547.0891,2572.56,2559.8246,4.4579,0.174452457,2553.535829,2491.370867,2457.3242,3.417229362,2,2,2026,25.4709
12/02/2026,2550.4951,2576,2563.2475,3.4229,0.133716193,2555.447743,2495.272787,2458.613562,4.570043703,3,2,2026,25.5049
13/02/2026,2556.5149,2582.08,2569.2974,6.0499,0.236024808,2558.223929,2499.55747,2459.944828,6.21821628,4,2,2026,25.5651
14/02/2026,2547.0891,2572.56,2559.8246,-9.4728,-0.368692235,2559.159286,2503.526393,2461.165643,5.830438341,5,2,2026,25.4709
15/02/2026,2547.0891,2572.56,2559.8246,0,0,2560.094643,2507.495317,2462.365342,5.223063451,6,2,2026,25.4709
16/02/2026,2547.0891,2572.56,2559.8246,0,0,2561.03,2511.286127,2463.509981,4.304109132,0,2,2026,25.4709
17/02/2026,2561.0594,2586.67,2573.8647,14.0401,0.548478986,2563.672571,2515.414257,2464.78077,5.699801217,1,2,2026,25.6106
18/02/2026,2562.9406,2588.57,2575.7553,1.8906,0.073453744,2565.948386,2519.635257,2466.072566,6.950497997,2,2,2026,25.6294
19/02/2026,2563.2673,2588.9,2576.0837,0.3284,0.012749658,2567.782129,2523.867203,2467.36801,7.764750011,3,2,2026,25.6327
20/02/2026,2567.4752,2593.15,2580.3126,4.2289,0.164160039,2569.355729,2528.240113,2468.746042,9.120774861,4,2,2026,25.6748
21/02/2026,2559.9604,2585.56,2572.7602,-7.5524,-0.292693219,2571.203671,2532.361277,2470.091791,8.123781638,5,2,2026,25.5996
22/02/2026,2559.9604,2585.56,2572.7602,0,0,2573.051614,2536.48244,2471.43754,6.39022996,6,2,2026,25.5996
23/02/2026,2559.9604,2585.56,2572.7602,0,0,2574.899557,2540.624167,2472.783289,2.7759983,0,2,2026,25.5996
24/02/2026,2555.4455,2581,2568.2228,-4.5374,-0.176363114,2574.093571,2544.649473,2474.078622,3.768241526,1,2,2026,25.5545
25/02/2026,2557.6436,2583.22,2570.4318,2.209,0.086012787,2573.333071,2547.44125,2475.3985,3.911448402,2,2,2026,25.5764
26/02/2026,2545.1188,2570.57,2557.8444,-12.5874,-0.489699824,2570.727457,2549.813447,2476.578518,6.789759152,3,2,2026,25.4512
27/02/2026,2534.0693,2559.41,2546.7397,-11.1047,-0.434142906,2565.931329,2551.876517,2477.63515,9.992685327,4,2,2026,25.3407
28/02/2026,2529.802,2555.1,2542.451,-4.2887,-0.168399621,2561.601443,2553.79655,2478.631306,12.73171586,5,2,2026,25.298
01/03/2026,2529.802,2555.1,2542.451,0,0,2557.271557,2555.1266,2479.621932,13.43853763,6,3,2026,25.298
02/03/2026,2529.802,2555.1,2542.451,0,0,2552.941671,2555.939887,2480.59896,12.46382262,0,3,2026,25.298
03/03/2026,2533.8713,2559.21,2546.5406,4.0896,0.160852658,2549.844214,2556.889493,2481.654154,10.58601582,1,3,2026,25.3387
04/03/2026,2537.6535,2563.03,2550.3417,3.8011,0.149265242,2546.9742,2557.965803,2482.751583,5.643909966,2,3,2026,25.3765
05/03/2026,2541.1881,2566.6,2553.8941,3.5524,0.139291139,2546.409871,2558.895513,2483.888483,4.446287197,3,3,2026,25.4119
06/03/2026,2546.5446,2572.01,2559.2773,5.3832,0.210783995,2548.200957,2559.723727,2485.171323,6.603317776,4,3,2026,25.4654
07/03/2026,2550.3465,2575.85,2563.0983,3.821,0.149299961,2551.150571,2560.164867,2486.556101,8.058019607,5,3,2026,25.5035
08/03/2026,2550.3465,2575.85,2563.0983,0,0,2554.100186,2560.606007,2487.993948,8.121516524,6,3,2026,25.5035
09/03/2026,2550.3465,2575.85,2563.0983,0,0,2557.0498,2560.93338,2489.482763,6.832705,0,3,2026,25.5035
10/03/2026,2550.4356,2575.94,2563.1878,0.0895,0.003491868,2559.427971,2561.263737,2491.004304,5.2876745,1,3,2026,25.5044
11/03/2026,2550.4356,2575.94,2563.1878,0,0,2561.263129,2561.594093,2492.525846,3.553364132,2,3,2026,25.5044
12/03/2026,2558.396,2583.98,2571.188,8.0002,0.312119151,2563.733686,2562.12147,2494.136278,3.587787214,3,3,2026,25.584
13/03/2026,2559.6931,2585.29,2572.4915,1.3035,0.05069641,2565.621429,2562.5437,2495.797347,4.264743609,4,3,2026,25.5969
14/03/2026,2561.7228,2587.34,2574.5314,2.0399,0.079296666,2567.254729,2562.91983,2497.506289,5.219769458,5,3,2026,25.6172
15/03/2026,2561.7228,2587.34,2574.5314,0,0,2568.888029,2563.094297,2499.200969,5.484467849,6,3,2026,25.6172
16/03/2026,2561.7228,2587.34,2574.5314,0,0,2570.521329,2563.584523,2500.879949,5.166064386,0,3,2026,25.6172
17/03/2026,2567.1782,2592.85,2580.0141,5.4827,0.212959143,2572.925086,2564.257507,2502.604149,5.09926558,1,3,2026,25.6718
18/03/2026,2572.3168,2598.04,2585.1784,5.1643,0.200165573,2576.0666,2565.102633,2504.38573,4.869295818,2,3,2026,25.7232
19/03/2026,2572.6931,2598.42,2585.5565,0.3781,0.014625683,2578.119243,2565.49236,2506.171512,5.462360841,3,3,2026,25.7269
20/03/2026,2572.5842,2598.31,2585.4471,-0.1094,-0.004231197,2579.970043,2565.81542,2507.916829,5.432496232,4,3,2026,25.7258
21/03/2026,2571.2079,2596.92,2584.064,-1.3831,-0.053495583,2581.331843,2566.08143,2509.602664,5.021159331,5,3,2026,25.7121
22/03/2026,2571.2079,2596.92,2584.064,0,0,2582.693643,2566.206477,2511.283193,4.072456488,6,3,2026,25.7121
23/03/2026,2571.2079,2596.92,2584.064,0,0,2584.055443,2566.58327,2512.913748,1.905412757,0,3,2026,25.7121
24/03/2026,2567.9901,2593.67,2580.83,-3.234,-0.125151699,2584.172,2566.852263,2514.514119,1.620674613,1,3,2026,25.6799
25/03/2026,2563.9307,2589.57,2576.7503,-4.0797,-0.158077053,2582.967986,2566.985267,2516.06916,3.153853578,2,3,2026,25.6393
26/03/2026,2557.8218,2583.4,2570.6109,-6.1394,-0.238261348,2580.8329,2567.06487,2517.555986,5.381570069,3,3,2026,25.5782
27/03/2026,2561.6832,2587.3,2574.4916,3.8807,0.150964115,2579.267829,2567.200197,2519.086924,5.40898762,4,3,2026,25.6168
28/03/2026,2564.5743,2590.22,2577.3971,2.9055,0.112857234,2578.315414,2567.851953,2520.661534,4.994823932,5,3,2026,25.6457
29/03/2026,2564.5743,2590.22,2577.3971,0,0,2577.363,2568.873867,2522.284902,4.303816316,6,3,2026,25.6457
30/03/2026,2564.5743,2590.22,2577.3971,0,0,2576.410586,2570.038737,2523.95946,3.159248863,0,3,2026,25.6457
31/03/2026,2568.7228,2594.41,2581.5664,4.1693,0.161763975,2576.515786,2571.342583,2525.645848,3.338134442,1,3,2026,25.6872
01/04/2026,2568.7228,2594.41,2581.5664,0,0,2577.2038,2572.64643,2527.332236,3.85138528,2,4,2026,25.6872
02/04/2026,2573.4554,2599.19,2586.3227,4.7563,0.184240855,2579.448343,2573.9725,2529.071471,3.94590948,3,4,2026,25.7346
03/04/2026,2577.3663,2603.14,2590.2532,3.9305,0.151972528,2581.7,2575.302883,2530.820879,5.001785159,4,4,2026,25.7737
04/04/2026,2577.3663,2603.14,2590.2532,0,0,2583.536586,2576.514853,2532.570287,5.494513641,5,4,2026,25.7737
05/04/2026,2577.3663,2603.14,2590.2532,0,0,2585.373171,2577.547383,2534.27149,5.243191997,6,4,2026,25.7737
06/04/2026,2577.3663,2603.14,2590.2532,0,0,2587.209757,2578.452547,2535.935102,4.113636018,0,4,2026,25.7737
07/04/2026,2577.3663,2603.14,2590.2532,0,0,2588.450729,2579.35771,2537.593077,3.37063302,1,4,2026,25.7737
08/04/2026,2577.3663,2603.14,2590.2532,0,0,2589.6917,2580.262873,2539.251051,1.485589361,2,4,2026,25.7737
09/04/2026,2579.9406,2605.74,2592.8403,2.5871,0.099878267,2590.622786,2581.25129,2540.937771,0.977831887,3,4,2026,25.7994
10/04/2026,2583.1683,2609,2596.0842,3.2439,0.125109904,2591.455786,2582.347837,2542.602158,2.257216597,4,4,2026,25.8317
11/04/2026,2584.1584,2610,2597.0792,0.995,0.038326954,2592.430929,2583.210877,2544.28545,3.002510374,5,4,2026,25.8416
13/04/2026,2584.1584,2610,2597.0792,0,0,2593.406071,2584.030467,2545.981678,3.273581415,0,4,2026,25.8416
15/04/2026,2587.8812,2613.76,2600.8206,3.7414,0.144061837,2594.9157,2584.906773,2547.699797,3.94503482,2,4,2026,25.8788
16/04/2026,2588.0495,2613.93,2600.9898,0.1692,0.006505639,2596.4495,2585.78872,2549.480162,3.917222355,3,4,2026,25.8805
17/04/2026,2589.0693,2614.96,2602.0147,1.0249,0.03940423,2598.129714,2586.70483,2551.271916,3.288446009,4,4,2026,25.8907
18/04/2026,2588.7624,2614.65,2601.7062,-0.3085,-0.011856197,2599.396271,2587.4279,2553.060241,2.532042671,5,4,2026,25.8876
19/04/2026,2588.7624,2614.65,2601.7062,0,0,2600.199414,2587.978827,2554.789196,2.172484148,6,4,2026,25.8876
20/04/2026,2588.7624,2614.65,2601.7062,0,0,2600.860414,2588.51715,2556.474589,1.722127717,0,4,2026,25.8876
21/04/2026,2590.6139,2616.52,2603.5669,1.8607,0.071518452,2601.787229,2589.121143,2558.190607,0.895259147,1,4,2026,25.9061
22/04/2026,2590.7129,2616.62,2603.6664,0.0995,0.00382168,2602.193771,2589.774557,2559.90773,1.020531597,2,4,2026,25.9071
24/04/2026,2589.3663,2615.26,2602.3132,-1.3532,-0.051972864,2602.382829,2590.382863,2561.609818,0.872107237,4,4,2026,25.8937
25/04/2026,2590.7624,2616.67,2603.7162,1.403,0.053913572,2602.6259,2591.037937,2563.327494,0.982530821,5,4,2026,25.9076
26/04/2026,2590.7624,2616.67,2603.7162,0,0,2602.913043,2591.80081,2565.045171,0.962457769,6,4,2026,25.9076
27/04/2026,2590.7624,2616.67,2603.7162,0,0,2603.200186,2592.699673,2566.769702,0.833605054,0,4,2026,25.9076
28/04/2026,2589.1089,2615,2602.0545,-1.6617,-0.06382032,2603.249943,2593.747793,2568.487379,0.734013663,1,4,2026,25.8911
29/04/2026,2587.1386,2613.01,2600.0743,-1.9802,-0.076101404,2602.751,2594.60055,2569.747332,1.38288914,2,4,2026,25.8714
30/04/2026,2589.0396,2614.93,2601.9848,1.9105,0.073478669,2602.510771,2595.42014,2571.028513,1.342847172,3,4,2026,25.8904
01/05/2026,2587.4554,2613.33,2600.3927,-1.5921,-0.061187905,2602.236414,2596.18666,2572.312348,1.567360859,4,5,2026,25.8746
02/05/2026,2587.4554,2613.33,2600.3927,0,0,2601.761629,2596.95318,2573.596156,1.547648036,5,5,2026,25.8746
03/05/2026,2587.4554,2613.33,2600.3927,0,0,2601.286843,2597.580723,2574.683302,1.344553972,6,5,2026,25.8746
04/05/2026,2587.4554,2613.33,2600.3927,0,0,2600.812057,2598.208267,2575.598194,0.833338397,0,5,2026,25.8746
05/05/2026,2587.6238,2613.5,2600.5619,0.1692,0.00650671,2600.598829,2598.682907,2576.514967,0.628140998,1,5,2026,25.8762
06/05/2026,2586.2376,2612.1,2599.1688,-1.3931,-0.053569192,2600.469471,2598.980093,2577.41626,0.818543959,2,5,2026,25.8624
07/05/2026,2586.9109,2612.78,2599.8454,0.6766,0.026031399,2600.163843,2599.299833,2578.236733,0.493198402,3,5,2026,25.8691
08/05/2026,2585.5248,2611.38,2598.4524,-1.393,-0.053580109,2599.886657,2599.57314,2578.948083,0.79564498,4,5,2026,25.8552
09/05/2026,2586.0099,2611.87,2598.94,0.4876,0.018765016,2599.679129,2599.8627,2579.493371,0.830352257,5,5,2026,25.8601
10/05/2026,2586.0099,2611.87,2598.94,0,0,2599.4716,2600.15226,2580.038659,0.803384438,6,5,2026,25.8601
11/05/2026,2586.0099,2611.87,2598.94,0,0,2599.264071,2600.44182,2580.546024,0.707725926,0,5,2026,25.8601
12/05/2026,2585.2871,2611.14,2598.2136,-0.7264,-0.027949856,2598.9286,2600.62093,2581.045319,0.522270618,1,5,2026,25.8529
13/05/2026,2585.0792,2610.93,2598.0046,-0.209,-0.008043988,2598.762286,2600.684943,2581.542291,0.610881393,2,5,2026,25.8508
14/05/2026,2585.1683,2611.02,2598.0942,0.0896,0.003448801,2598.512114,2600.718777,2582.017041,0.423115078,3,5,2026,25.8517
15/05/2026,2586.0693,2611.93,2598.9997,0.9055,0.03485247,2598.5903,2600.782793,2582.45232,0.459264123,4,5,2026,25.8607
16/05/2026,2587.495,2613.37,2600.4325,1.4328,0.055128902,2598.803514,2600.769857,2582.865487,0.838523468,5,5,2026,25.875
17/05/2026,2587.495,2613.37,2600.4325,0,0,2599.016729,2600.75128,2583.211432,1.043669282,6,5,2026,25.875
18/05/2026,2587.495,2613.37,2600.4325,0,0,2599.229943,2600.69854,2583.662631,1.170168974,0,5,2026,25.875
19/05/2026,2589.1089,2615,2602.0545,1.622,0.06237424,2599.778643,2600.71015,2584.131852,1.474982541,1,5,2026,25.8911
20/05/2026,2590.1386,2616.04,2603.0893,1.0348,0.039768575,2600.505029,2600.756253,2584.612571,1.691804274,2,5,2026,25.9014
22/05/2026,2593.5347,2619.47,2606.5023,3.413,0.131113443,2601.706186,2600.916123,2584.975211,2.490947979,4,5,2026,25.9353
23/05/2026,2593.6436,2619.58,2606.6118,0.1095,0.004201032,2602.793629,2601.01762,2585.318061,2.759564997,5,5,2026,25.9364
26/05/2026,2595.1683,2621.12,2608.1442,1.5324,0.058788961,2603.8953,2601.16688,2585.674289,3.168835769,1,5,2026,25.9517
27/05/2026,2594.4752,2620.42,2607.4476,-0.6966,-0.026708646,2604.897457,2601.338027,2585.975789,2.995739743,2,5,2026,25.9448
28/05/2026,2594.4752,2620.42,2607.4476,0,0,2605.899614,2601.462407,2586.361204,2.358809494,3,5,2026,25.9448
29/05/2026,2596.3564,2622.32,2609.3382,1.8906,0.072507689,2606.940143,2601.649807,2586.767627,1.951237354,4,5,2026,25.9636
30/05/2026,2596.2277,2622.19,2609.2089,-0.1293,-0.004955279,2607.814371,2601.832897,2587.172612,1.141074228,5,5,2026,25.9623
31/05/2026,2596.2277,2622.19,2609.2089,0,0,2608.201029,2602.071377,2587.628013,1.079270945,6,5,2026,25.9623
01/06/2026,2596.2277,2622.19,2609.2089,0,0,2608.572043,2602.375863,2588.05887,0.86752049,0,6,2026,25.9623
02/06/2026,2594.6832,2620.63,2607.6566,-1.5523,-0.059493128,2608.502386,2602.564923,2588.612339,0.925254208,1,6,2026,25.9468
03/06/2026,2594.099,2620.04,2607.0695,-0.5871,-0.022514468,2608.448371,2602.787483,2589.28267,1.00471703,2,6,2026,25.941
04/06/2026,2593.396,2619.33,2606.363,-0.7065,-0.027099393,2608.293429,2602.986493,2589.992803,1.240693179,3,6,2026,25.934
05/06/2026,2593.7228,2619.66,2606.6914,0.3284,0.012599933,2607.915314,2603.19645,2590.706586,1.272142071,4,6,2026,25.9372
